URL,Último rastreo
https://tuslibros.cl/libro/libro-la-boda-del-poeta/?add-to-cart=10532,2026-04-14
https://tuslibros.cl/libro/la-vida-es-sueno-calderon-de-la-barca/?add-to-wishlist=43734,2026-04-14
https://tuslibros.cl/product-category/en-otros-idiomas/libros-en-frances-en-otros-idiomas/,2026-04-14
https://tuslibros.cl/libro/los-hermanos-bakio-margarita-norambuena/?add-to-cart=14862,2026-04-14
https://tuslibros.cl/libro/matematica-para-nacional/?add-to-wishlist=385,2026-04-14
https://tuslibros.cl/libro/vendo-textos-escolares-de-todas-las-materias-1-o-medio/,2026-04-14
https://tuslibros.cl/libro/la-mansion-libro-2/?add-to-wishlist=16703,2026-04-14
https://tuslibros.cl/libro/el-nino-que-enloquecio-de-amor-eduardo-barrios/?add-to-wishlist=37798,2026-04-14
https://tuslibros.cl/libro/wigetta-un-viaje-magico/?add-to-wishlist=9682,2026-04-14
https://tuslibros.cl/libro/fruits-basket-3/?add-to-wishlist=26222,2026-04-14
https://tuslibros.cl/libro/obras-ineditas/?add-to-wishlist=27717,2026-04-14
https://tuslibros.cl/libro/historia-de-mayta/,2026-04-14
https://tuslibros.cl/libro/libro-socorro-12-cuentos-para-caerse-de-miedo-de-elsa-bornemann/?add-to-wishlist=39042,2026-04-14
https://tuslibros.cl/libro/the-philosophy-of-money-2/?add-to-wishlist=32700,2026-04-14
https://tuslibros.cl/libro/housemates-alison-watts/?add-to-wishlist=34918,2026-04-14
https://tuslibros.cl/libro/polimnia-libro-de-poesia/?add-to-wishlist=14959,2026-04-14
https://tuslibros.cl/libro/maigret-en-nueva-york-19-georges-simenon/?add-to-wishlist=33129,2026-04-14
https://tuslibros.cl/libro/el-lugar-sin-limites/?add-to-cart=10532,2026-04-14
https://tuslibros.cl/libro/coleccion-completa-pixel-9-libros/?add-to-wishlist=33413,2026-04-14
https://tuslibros.cl/libro/purgatorio-tomas-eloy-martinez/?add-to-cart=32877,2026-04-14
https://tuslibros.cl/libro/above-roland-smith-libroen-ingles/?add-to-wishlist=27789,2026-04-14
https://tuslibros.cl/libro/purgatorio-tomas-eloy-martinez/?add-to-cart=33805,2026-04-14
https://tuslibros.cl/libro/libro-psu-lenguaje/?add-to-wishlist=27382,2026-04-14
https://tuslibros.cl/libro/bhagavad-gita-la-ciencia-suprema-viasa-krishna-dvaipayana/?add-to-wishlist=33417,2026-04-14
https://tuslibros.cl/libro/africa-pasado-y-presente-eduardo-ortiz-romero-2/?add-to-cart=33841,2026-04-14
https://tuslibros.cl/libro/camino-recorrido/,2026-04-14
https://tuslibros.cl/libro/erendira-y-su-abuela-desalmada-gabriel-garcia-marquez/?add-to-wishlist=15323,2026-04-14
https://tuslibros.cl/libro/son-de-mar-manuel-vicent/?add-to-wishlist=10937,2026-04-14
https://tuslibros.cl/product/juegos-y-dinamicas-para-la-capacitacion-en-ventas/,2026-04-14
https://tuslibros.cl/libro/gestion-de-la-calidad-total-un-texto-introductario/?add-to-wishlist=26557,2026-04-14
https://tuslibros.cl/libro/saga-harry-potter/?add-to-cart=217,2026-04-14
https://tuslibros.cl/libro/el-guardian-entre-el-centeno/?add-to-cart=129,2026-04-14
https://tuslibros.cl/libro/los-mayas-charles-gallenkamp/,2026-04-14
https://tuslibros.cl/libro/completeness-plenitud-calidad-para-el-siglo-xxi-tomo-i/?add-to-cart=14361,2026-04-14
https://tuslibros.cl/libro/percy-jackson-el-mar-de-los-monstruos/?add-to-wishlist=16806,2026-04-14
https://tuslibros.cl/libro/lore/?add-to-wishlist=35226,2026-04-14
https://tuslibros.cl/libro/escalpelo-los-hombres-que-crearon-la-cirugia-agatha-young/?add-to-cart=33613,2026-04-14
https://tuslibros.cl/libro/adios-mr-chips-james-hilton-2/?add-to-wishlist=14661,2026-04-14
https://tuslibros.cl/libro/soy-el-numero-cuatro-pittacus-lore/?add-to-wishlist=11057,2026-04-14
https://tuslibros.cl/libro/la-muerte-negra/?add-to-cart=17872,2026-04-14
https://tuslibros.cl/libro/juegos-de-ingenio/?add-to-cart=14914,2026-04-14
https://tuslibros.cl/libro/trilogia-de-la-nube-blanca/?add-to-wishlist=16773,2026-04-14
https://tuslibros.cl/libro/coleccion-completa-pixel-9-libros/?add-to-wishlist=41965,2026-04-14
https://tuslibros.cl/libro/minilibros-quimantu-6-la-camara-fernando-santivan-editado-en-1972-editorial-quimantu/?add-to-wishlist=34561,2026-04-14
https://tuslibros.cl/libro/juegos-y-dinamicas-para-la-capacitacion-en-ventas/?add-to-wishlist=26599,2026-04-14
https://tuslibros.cl/libro/sense-and-sensibility?add-to-wishlist=683,2026-04-13
https://tuslibros.cl/search?add-to-wishlist=683&q=sense and sensibility,2026-04-13
https://tuslibros.cl/libro/yo-soy-el-diego/?add-to-wishlist=34352,2026-04-13
https://www.tuslibros.cl/libro/pideme-lo-que-quieras-y-yo-te-lo-dare/?add_to_wishlist=10622,2026-04-13
https://tuslibros.cl/libro/los-complejos-como-reconocerlos-y-tratarlos/?add-to-cart=26362,2026-04-13
https://www.tuslibros.cl/fisica/,2026-04-13
https://tuslibros.cl/libro/el-socio/?add-to-wishlist=216&add-to-cart=12666,2026-04-12
https://tuslibros.cl/libro/angel/?add-to-cart=17297,2026-04-12
https://www.tuslibros.cl/libro/the-first-deadly-sin/,2026-04-12
https://www.tuslibros.cl/libro/la-casa-del-proposito-especial-john-boyne/?add-to-cart=349,2026-04-12
https://tuslibros.cl/libro/cuaderno-de-ejercicios-psu/?add-to-wishlist=14914,2026-04-12
https://tuslibros.cl/libro/100-anos-de-la-radio-en-chile-1922-2022/?add-to-cart=27789,2026-04-12
https://www.tuslibros.cl/libro/liberalismo-clasico-un-manual-basico/?add-to-cart=16629,2026-04-12
https://tuslibros.cl/libro/el-secreto-tolteca-practicas-ancestrales-para-comprender-el-poder-de-los-suenos?add-to-wishlist=33100,2026-04-12
"https://tuslibros.cl/search?add-to-wishlist=33100&q=el secreto tolteca 
practicas ancestrales para comprender el poder de los suenos",2026-04-12
https://www.tuslibros.cl/libro/diccionario-didactico-avanzado-del-espanol/,2026-04-12
https://tuslibros.cl/libro/el-libro-mayor-de-violeta-parra-2011/?add-to-wishlist=9430,2026-04-11
https://www.tuslibros.cl/libro/marketing-planning-strategy/?add_to_wishlist=15064,2026-04-11
https://tuslibros.cl/libro/quimica?add_to_wishlist=17590,2026-04-11
https://www.tuslibros.cl/libro/de-profesion-fantasma/?add_to_wishlist=17515,2026-04-11
https://tuslibros.cl/libro/donde-los-arboles-cantan/?add-to-wishlist=36632,2026-04-11
https://tuslibros.cl/libro/los-dioses-de-cada-hombre-una-nueva-psicologia-masculina/?add-to-wishlist=38428,2026-04-11
https://www.tuslibros.cl/libro/treasure-island/?add-to-cart=130,2026-04-11
https://www.tuslibros.cl/libro/wigetta-y-los-gusanos-guasones/?add_to_wishlist=155,2026-04-10
https://www.tuslibros.cl/libro/historia-de-una-biblioteca-de-platon-a-nietzsche-de-tomas-abraham/?add_to_wishlist=15168,2026-04-10
https://tuslibros.cl/search?add-to-wishlist=27839&q=el-viaje-del-elefante,2026-04-10
https://tuslibros.cl/libro/la-casta-de-los-metabarones-jodorowsky/?add-to-wishlist=27487,2026-04-09
https://tuslibros.cl/libro/el-viaje-del-elefante?add-to-wishlist=27839,2026-04-09
https://tuslibros.cl/libro/halcones-de-la-noche/?add-to-wishlist=14973,2026-04-09
https://tuslibros.cl/libro/despedida?add-to-wishlist=17290,2026-04-09
https://tuslibros.cl/search?add-to-wishlist=17290&q=despedida,2026-04-09
https://tuslibros.cl/libro/tratado-de-neurologia-clinica/?add-to-wishlist=26373,2026-04-09
https://tuslibros.cl/libro/el-libro-mayor-de-violeta-parra-2011/?add-to-wishlist=32994,2026-04-09
https://tuslibros.cl/libro/clinica-psicopedagogica-jorge-visca-epistemologia-convergente/?add-to-wishlist=38323,2026-04-09
https://tuslibros.cl/libro/los-brujos-del-oeste/?add-to-wishlist=41468,2026-04-09
https://www.tuslibros.cl/product/saga-original-oscuros/?add_to_wishlist=78,2026-04-09
https://www.tuslibros.cl/libro/a-traves-de-mi-ventana/?add_to_wishlist=544,2026-04-09
https://www.tuslibros.cl/libro/a-traves-de-mi-ventana/?add_to_wishlist=19195,2026-04-09
https://tuslibros.cl/product-category/politica/?orderby=popularity&add-to-wishlist=37928,2026-04-09
https://www.tuslibros.cl/libro/agujeros-negros-y-tiempo-curvo-presentacion-y-critica-de-stephen-hawking/,2026-04-09
https://tuslibros.cl/libro/veinticuatro-horas-louis-bromfield/?add-to-wishlist=683,2026-04-08
https://tuslibros.cl/libro/el-poder-esta-en-ti/?add-to-wishlist=35172,2026-04-08
https://tuslibros.cl/libro/no-me-puedes-lastimar/,2026-04-08
https://www.tuslibros.cl/?orderby=date&product_tag=novela-juvenil,2026-04-08
https://tuslibros.cl/libro/matematica-marshal-cavendish-3-basico/?add-to-cart=16267,2026-04-07
https://tuslibros.cl/libro/an-introductory-history-of-british-broadcasting-crisell/?add-to-cart=27789,2026-04-07
https://tuslibros.cl/libro/fundamentos-de-quimica-orgnanica-paula-yurkanis/?add-to-cart=42140,2026-04-07
https://tuslibros.cl/libro/otro-tipo-de-musica-colombina-parra/?add-to-wishlist=40624,2026-04-07
https://tuslibros.cl/product-category/espiritualidad/?add-to-cart=32700,2026-04-06
https://tuslibros.cl/carrito/?remove_item=105f777347c73908a23cbf0de0c33d3b&_wpnonce=4358185576,2025-10-16
https://tuslibros.cl/tienda-de-libros/?orderby=date&add_to_compare=17654&add-to-cart=36635,2025-10-16
https://tuslibros.cl/tienda-de-libros/page/81/?add-to-wishlist=27940,2025-10-16
https://tuslibros.cl/libro/el-guardian-entre-el-centeno/?add-to-cart=308,2025-10-16
https://tuslibros.cl/libro/antoine-griezmann-campeon-el-sueno-de-tony/?add-to-cart=33600,2025-10-15
https://tuslibros.cl/tienda-de-libros/page/62/?add-to-cart=38413,2025-10-15
https://tuslibros.cl/product-category/literatura/page/33/?add_to_compare=15161&add-to-cart=16758,2025-10-15
https://tuslibros.cl/libro/la-cadena-de-oro/?add-to-cart=35190,2025-10-15
https://tuslibros.cl/product-category/literatura/novelas/sin-categoria-novelas/?add_to_compare=33768,2025-10-14
https://tuslibros.cl/condicion/excelente-estado/page/2/?add-to-cart=33100,2025-10-14
https://tuslibros.cl/libro/winston-churchill-richard-toye/feed/,2025-10-14
https://tuslibros.cl/product-category/literatura/novelas/sin-categoria-novelas/?orderby=popularity,2025-10-14
https://tuslibros.cl/libro/keens-surgery-its-principles-and-practice/?add-to-cart=9369,2025-10-14
https://tuslibros.cl/libro/rubaiyat-omar-jaiyam-editorial-zigzag-1966/?add-to-wishlist=27717,2025-10-14
https://tuslibros.cl/libro/la-saludo-por-medio-de-las-plantas-medicinales-2/?add-to-wishlist=39792,2025-10-14
https://tuslibros.cl/tienda-de-libros/page/116/?orderby=price-desc&add_to_compare=17368,2025-10-14
https://tuslibros.cl/libro/tiende-tu-cama-y-otros-pequenos-habitos/?add-to-cart=38415,2025-10-14
https://tuslibros.cl/libro/maigret-y-el-fantasma/?add-to-cart=32366,2025-10-14
https://tuslibros.cl/libro/todas-las-almas-de-javier-marias/?add-to-wishlist=90,2025-10-14
https://tuslibros.cl/libro/la-evolucion-divina/,2025-10-14
https://tuslibros.cl/product-category/ciencia/page/2/?add_to_compare=32761,2025-10-14
https://tuslibros.cl/libro/la-hormiguita-cantora-y-el-duende-melodia-alicia-morel/?add_to_compare=39102,2025-10-14
https://tuslibros.cl/libro/reiniciados-y-2/?add_to_compare=16369,2025-10-14
https://tuslibros.cl/tienda-de-libros/page/3/?orderby=price-desc&add_to_compare=16401,2025-10-14
https://tuslibros.cl/libro/causa-justa-usado/?add_to_compare=37813,2025-10-14
https://tuslibros.cl/libro/el-jardin-olvidado-2/,2025-10-13
https://tuslibros.cl/libro/una-introduccion-a-la-teoria-literaria-terry-eagleton/?add-to-cart=334,2025-10-13
https://tuslibros.cl/libro/una-verdad-delicada-john-le-carre/?add-to-wishlist=668,2025-10-13
https://tuslibros.cl/libro/rojo-blanco-y-sangre-azul/?add-to-wishlist=84,2025-10-13
https://tuslibros.cl/libro/ciudad-medialuna/?add-to-wishlist=38902,2025-10-13
https://tuslibros.cl/libro/brujas-o-princesas-isidoro-rodriguez-moncada/?add-to-cart=45015,2025-10-13
https://tuslibros.cl/page/119/?add-to-cart=660,2025-10-13
https://tuslibros.cl/libro/la-villa-de-las-telas/?add-to-cart=159,2025-10-13
https://tuslibros.cl/libro/la-medicina-en-la-historia/?add-to-wishlist=666,2025-10-13
https://tuslibros.cl/tienda/macolilop/,2025-10-13
https://tuslibros.cl/libro/libro-sin-limites-de-alan-glynn/?add-to-wishlist=35333,2025-10-13
https://tuslibros.cl/libro/maze-runner-prueba-de-fuego/?add-to-cart=216,2025-10-13
https://tuslibros.cl/libro/maze-runner-prueba-de-fuego/?add-to-wishlist=9633,2025-10-13
https://tuslibros.cl/autor/jamie-oliver/,2025-10-13
https://tuslibros.cl/product-category/literatura/page/18/?add_to_compare=33447,2025-10-13
https://tuslibros.cl/tienda-de-libros/page/11/?add_to_compare=26347,2025-10-13
https://tuslibros.cl/product-category/ediciones-especiales/?add-to-wishlist=17701,2025-10-13
https://tuslibros.cl/libro/tom-sawyer/,2025-10-13
https://tuslibros.cl/tienda-de-libros/?orderby=date&add_to_compare=17654&add-to-cart=47427,2025-10-12
https://tuslibros.cl/libro/brujas-o-princesas-isidoro-rodriguez-moncada/?add-to-cart=35190,2025-10-12
https://tuslibros.cl/product-category/reportaje/entrevista/?add_to_compare=33607,2025-10-12
https://tuslibros.cl/tienda-de-libros/page/40/?add-to-cart=36281,2025-10-12
https://tuslibros.cl/libro/finale-hush-hush-4/?add-to-wishlist=9682,2025-10-12
https://tuslibros.cl/tienda-de-libros/page/4/?add_to_compare=38902,2025-10-12
https://tuslibros.cl/libro/la-razon-de-estar-contigo-un-nuevo-viaje/?add-to-cart=297,2025-10-12
https://tuslibros.cl/product-category/ciencia-ficcion-apocaliptica/?orderby=price&add_to_compare=38969,2025-10-12
https://tuslibros.cl/tienda-de-libros/?orderby=rating&add-to-wishlist=33286&add-to-cart=9644,2025-10-12
https://tuslibros.cl/libro/the-social-history-of-art/?add-to-cart=27803,2025-10-12
https://tuslibros.cl/libro/crepusculo-3/?add-to-cart=180,2025-10-12
https://tuslibros.cl/libro/manual-de-la-enfermeria/?add-to-cart=200,2025-10-12
https://tuslibros.cl/tienda-de-libros/page/45/?add-to-cart=14956,2025-10-12
https://tuslibros.cl/tienda-de-libros/?orderby=date&add_to_compare=45697&add-to-cart=47482,2025-10-11
https://tuslibros.cl/libro/archivo-nicanor-parra-1954-2004/?add-to-cart=33094,2025-10-11
https://tuslibros.cl/tienda-de-libros/?orderby=price-desc&add-to-wishlist=33761&add-to-cart=315,2025-10-11
https://tuslibros.cl/page/95/?add_to_compare=14361&add-to-cart=17593,2025-10-11
https://tuslibros.cl/tienda-de-libros/page/29/?add-to-cart=40243,2025-10-11
https://tuslibros.cl/autor/gabriele-fahr-becker/,2025-10-11
https://tuslibros.cl/page/95/?add_to_compare=14361&add-to-cart=17602,2025-10-11
https://tuslibros.cl/libro/mi-primer-atlas/?add-to-cart=41959,2025-10-11
https://tuslibros.cl/libro/libro-el-rey-de-la-mascara-oscura-de-javiera-valenzuela/?add-to-wishlist=389,2025-10-11
https://tuslibros.cl/libro/casells-spanish-dictionary/?add-to-cart=44881,2025-10-11
https://tuslibros.cl/tienda-de-libros/?orderby=popularity&add-to-cart=47462,2025-10-11
https://tuslibros.cl/page/113/?add_to_compare=26479,2025-10-11
https://tuslibros.cl/product-category/historia/page/9/?add-to-wishlist=383,2025-10-11
https://tuslibros.cl/product-category/arte-y-fotografia/?orderby=rating&add_to_compare=40695&add-to-cart=40710,2025-10-11
https://tuslibros.cl/libro/marcelo-rios/?add-to-wishlist=208&add-to-cart=45804,2025-10-11
https://tuslibros.cl/product-category/historia/?orderby=rating&add-to-wishlist=33688,2025-10-11
https://tuslibros.cl/libro/elizabeth-bishop-poesia/,2025-10-11
https://tuslibros.cl/product-category/en-otros-idiomas/page/4/?orderby=price&add-to-wishlist=34370,2025-10-11
https://tuslibros.cl/tienda/arrebol-alcantara/category/religion/,2025-10-11
https://tuslibros.cl/condicion/excelente-estado/page/6/?orderby=date&add_to_compare=33370,2025-10-10
https://tuslibros.cl/product-category/literatura/novelas/page/6/?add-to-cart=33234,2025-10-10
https://tuslibros.cl/libro/marketing-de-los-servicios/?add_to_compare=26567&add-to-cart=26599,2025-10-10
https://tuslibros.cl/product-category/reportaje/sin-categoria-reportaje/?orderby=price,2025-10-10
https://tuslibros.cl/libro/mass-flourishing-como-la-innovacion-de-base-creo-empleos-desafios-y-cambios/?add-to-wishlist=10784,2025-10-10
https://tuslibros.cl/tienda-de-libros/page/11/?add-to-cart=39740,2025-10-10
https://tuslibros.cl/tienda-de-libros/page/11/?add-to-cart=39117,2025-10-10
https://tuslibros.cl/tienda-de-libros/page/19/?add-to-wishlist=42642&add-to-cart=45115,2025-10-10
https://tuslibros.cl/tienda-de-libros/?orderby=popularity&add-to-cart=690,2025-10-10
https://tuslibros.cl/tienda-de-libros/?orderby=price&add_to_compare=45697&add-to-cart=40212,2025-10-10
https://tuslibros.cl/tienda-de-libros/?orderby=price-desc&add-to-cart=47427,2025-10-10
https://tuslibros.cl/tienda-de-libros/?orderby=popularity&add-to-wishlist=42642,2025-10-10
https://tuslibros.cl/libro/concepcion-embarazo-y-parto/?add-to-wishlist=27494,2025-10-10
https://tuslibros.cl/libro/marcelo-rios/?add-to-wishlist=208&add-to-cart=34364,2025-10-10
https://tuslibros.cl/libro/mass-flourishing-como-la-innovacion-de-base-creo-empleos-desafios-y-cambios/?add-to-wishlist=152,2025-10-10
https://tuslibros.cl/libro/marketing-de-los-servicios/?add_to_compare=26567&add-to-cart=26552,2025-10-10
https://tuslibros.cl/product-category/literatura/novelas/page/5/?add_to_compare=701,2025-10-10
https://tuslibros.cl/libro/mumo-por-siempre/?add-to-cart=16785,2025-10-10
https://tuslibros.cl/libro/los-4-habitos-de-la-gente-delgada-oferta-original/?add-to-wishlist=39985&add-to-cart=39985,2025-10-10
https://tuslibros.cl/libro/pastoral-americana-philip-roth/?add-to-wishlist=39733,2025-10-10
https://tuslibros.cl/libro/el-2/?add_to_compare=33281,2025-10-10
https://tuslibros.cl/libro/crepusculo-3/?add-to-wishlist=15250,2025-10-10
https://tuslibros.cl/tienda-de-libros/page/3/?add-to-wishlist=42642,2025-10-10
https://tuslibros.cl/tienda-de-libros/page/102/?add_to_compare=16401,2025-10-09
https://tuslibros.cl/tienda-de-libros/page/10/?add-to-cart=209,2025-10-09
https://tuslibros.cl/page/3/?orderby=price-desc&add_to_compare=14361&add-to-cart=41611,2025-10-09
https://tuslibros.cl/product-category/ediciones-especiales/?orderby=price-desc,2025-10-09
https://tuslibros.cl/page/95/?add_to_compare=14361&add-to-cart=17575,2025-10-09
https://tuslibros.cl/product-category/autoayuda-y-espiritualidad/page/11/?orderby=popularity&add-to-wishlist=26091,2025-10-09
https://tuslibros.cl/libro/la-piel-de-zapa-honore-de-balzac/?add-to-cart=14950,2025-10-09
https://tuslibros.cl/page/125/?orderby=price&add-to-wishlist=32877,2025-10-09
https://tuslibros.cl/autor/ken-wilber/?orderby=price-desc&add_to_wishlist=116,2025-10-09
https://tuslibros.cl/libro/denise-rosenthal-la-vida-en-movimiento/?add-to-wishlist=27803&add-to-cart=27811,2025-10-09
https://tuslibros.cl/libro/dancing-with-the-devil-blair-nughes/?add-to-cart=41386,2025-10-09
https://tuslibros.cl/page/95/?add_to_compare=14361&add-to-cart=17675,2025-10-09
https://tuslibros.cl/page/9/?orderby=date&add_to_wishlist=26548,2025-10-09
https://tuslibros.cl/page/95/?add_to_compare=14361&add-to-cart=17613,2025-10-09
https://tuslibros.cl/tienda-de-libros/?orderby=price-desc&add-to-wishlist=33286&add-to-cart=40665,2025-10-09
https://tuslibros.cl/page/95/?add_to_compare=14361&add-to-cart=17608,2025-10-09
https://tuslibros.cl/tienda-de-libros/page/19/?add-to-wishlist=42642&add-to-cart=45110,2025-10-09
https://tuslibros.cl/?orderby=date&product-page=48&add-to-cart=455,2025-10-09
https://tuslibros.cl/?orderby=price&product-page=48&add-to-cart=47502,2025-10-09
https://tuslibros.cl/tienda-de-libros/page/19/?add-to-wishlist=42642&add-to-cart=45102,2025-10-09
https://tuslibros.cl/?orderby=date&product-page=48&add-to-cart=430,2025-10-09
https://tuslibros.cl/tienda-de-libros/page/110/?add_to_compare=703&add-to-cart=15080,2025-10-09
https://tuslibros.cl/?orderby=price&product-page=48&add-to-cart=81,2025-10-09
https://tuslibros.cl/?orderby=price-desc&product-page=48&add-to-cart=47474,2025-10-09
https://tuslibros.cl/?orderby=date&product-page=48&add-to-cart=47486,2025-10-09
https://tuslibros.cl/?orderby=price-desc&product-page=48&add-to-cart=40665,2025-10-09
https://tuslibros.cl/?orderby=date&product-page=48&add-to-cart=47099,2025-10-09
https://tuslibros.cl/libro/denise-rosenthal-la-vida-en-movimiento/?add-to-cart=334,2025-10-09
https://tuslibros.cl/?orderby=date&product-page=48&add-to-cart=333,2025-10-09
https://tuslibros.cl/libro/la-amigdalitis-de-tarzan-de-alfredo-bryce-echenique/?add-to-cart=668,2025-10-08
https://tuslibros.cl/?orderby=price&product-page=48&add-to-cart=47099,2025-10-08
https://tuslibros.cl/tienda-de-libros/?orderby=popularity&add-to-cart=598,2025-10-08
https://tuslibros.cl/product-category/literatura/page/36/?add-to-cart=729,2025-10-08
https://tuslibros.cl/?orderby=popularity&product-page=48&add-to-cart=47423,2025-10-08
https://tuslibros.cl/libro/llamada-para-el-muerto-john-le-carre/?add-to-cart=684,2025-10-08
https://tuslibros.cl/tienda-de-libros/page/110/?add-to-cart=598,2025-10-08
https://tuslibros.cl/autor/ken-wilber/?orderby=popularity&add_to_wishlist=116,2025-10-08
https://tuslibros.cl/libro/contabilidad-rayado/?add-to-wishlist=26467&add-to-cart=558,2025-10-08
https://tuslibros.cl/libro/maigret-y-el-fantasma/?add-to-cart=33117,2025-10-08
https://tuslibros.cl/page/98/?add_to_compare=14361,2025-10-08
https://tuslibros.cl/?orderby=price-desc&product-page=48&add-to-cart=32209,2025-10-08
https://tuslibros.cl/tienda-de-libros/page/110/?add-to-cart=591,2025-10-08
https://tuslibros.cl/libro/maigret-se-enfada/?add-to-cart=33123,2025-10-08
https://tuslibros.cl/?orderby=price-desc&product-page=48&add-to-cart=47413,2025-10-08
https://tuslibros.cl/?orderby=price&product-page=48&add-to-cart=47455,2025-10-08
https://tuslibros.cl/?orderby=price-desc&product-page=48&add-to-cart=47455,2025-10-08
https://tuslibros.cl/libro/denise-rosenthal-la-vida-en-movimiento/?add-to-wishlist=27803,2025-10-08
https://tuslibros.cl/?orderby=popularity&product-page=48&add-to-cart=26365,2025-10-08
https://tuslibros.cl/tienda-de-libros/?orderby=price-desc&add-to-wishlist=33286&add-to-cart=33909,2025-10-08
https://tuslibros.cl/product-category/romance/?add-to-wishlist=41956,2025-10-08
https://tuslibros.cl/tienda-de-libros/page/2/?add-to-wishlist=33286,2025-10-07
https://tuslibros.cl/tienda-de-libros/page/110/?add-to-cart=479,2025-10-07
https://tuslibros.cl/tienda-de-libros/page/110/?add-to-cart=701,2025-10-07
https://tuslibros.cl/?orderby=price&product-page=48&add-to-cart=38914,2025-10-07
https://tuslibros.cl/tienda-de-libros/page/110/?add-to-cart=702,2025-10-07
https://tuslibros.cl/?orderby=price&product-page=48&add-to-cart=35256,2025-10-07
https://tuslibros.cl/product-category/literatura/ensayos/?orderby=rating&add-to-cart=301,2025-10-07
https://tuslibros.cl/tienda-de-libros/page/110/?add_to_compare=696,2025-10-07
https://tuslibros.cl/product-category/arte-y-fotografia/page/4/?add-to-wishlist=40677,2025-10-07
https://tuslibros.cl/?orderby=price-desc&product-page=48&add-to-cart=9620,2025-10-07
https://tuslibros.cl/product-category/historia/historia-de-chile/?add_to_compare=16946,2025-10-07
https://tuslibros.cl/libro/anna-karenina-tolstoi/?add-to-wishlist=421,2025-10-07
https://tuslibros.cl/libro/cultura-tradicional-en-tiempos-de-pandemia/?add-to-wishlist=27789,2025-10-07
https://tuslibros.cl/page/119/?add-to-cart=666,2025-10-06
https://tuslibros.cl/product-category/arte-y-fotografia/?add_to_compare=40695&add-to-cart=46817,2025-10-06
https://tuslibros.cl/libro/algebra-ignacio-bello/?add-to-cart=32735,2025-10-05
https://tuslibros.cl/tienda/maigret/category/literatura/,2025-10-04
https://tuslibros.cl/libro/a-todos-los-chicos-de-los-que-me-enamore/?add_to_compare=14708,2025-10-04
https://tuslibros.cl/libro/mi-hermana-violeta-parra-su-vida-y-obra-en-decimas/?add-to-cart=40533,2025-10-04
https://tuslibros.cl/tienda/lauriahumada/category/espiritualidad-autoayuda-y-espiritualidad/,2025-10-04
https://tuslibros.cl/product-category/historia/?orderby=price&add-to-wishlist=33688,2025-10-04
https://tuslibros.cl/tienda-de-libros/page/7/?orderby=price&add_to_compare=17654&add-to-cart=39145,2025-10-04
https://tuslibros.cl/product-category/arte-y-fotografia/page/6/?add-to-wishlist=40701,2025-10-04
https://tuslibros.cl/product-category/arte-y-fotografia/?add-to-cart=44869,2025-10-03
https://tuslibros.cl/product-category/literatura/page/5/?add-to-wishlist=84,2025-10-03
https://tuslibros.cl/tienda-de-libros/page/3/?orderby=price-desc&add_to_compare=34013,2025-10-03
https://tuslibros.cl/product-category/historia/?orderby=date&add-to-wishlist=33688,2025-10-03
https://tuslibros.cl/product-category/en-otros-idiomas/page/2/?add-to-wishlist=34370,2025-10-02
https://tuslibros.cl/libro/lectopolis-f/?add-to-cart=40152,2025-09-30
https://tuslibros.cl/product-category/historia/historia-de-chile/?add-to-cart=10478,2025-09-29
https://tuslibros.cl/tienda-de-libros/page/7/?orderby=price&add_to_compare=17654&add-to-cart=39063,2025-09-28
https://tuslibros.cl/tienda-de-libros/page/14/?add_to_compare=43982,2025-09-28
https://tuslibros.cl/tienda-de-libros/page/14/?add_to_compare=43936,2025-09-27
https://tuslibros.cl/tienda-de-libros/page/14/?add-to-cart=44051,2025-09-27
https://tuslibros.cl/tienda-de-libros/page/4/?orderby=rating&add-to-wishlist=39032,2025-09-27
https://tuslibros.cl/tienda-de-libros/page/14/?add_to_compare=44104,2025-09-27
https://tuslibros.cl/tienda/antonia-mujicatorres/category/libros-en-ingles/,2025-09-27
https://tuslibros.cl/libro/manual-de-la-rama-scouts/?add-to-wishlist=33717,2025-09-27
https://tuslibros.cl/tienda-de-libros/?orderby=rating&add-to-wishlist=39032&add-to-cart=47245,2025-09-27
https://tuslibros.cl/tienda-de-libros/page/3/?orderby=rating&add-to-wishlist=39032,2025-09-27
https://tuslibros.cl/tienda-de-libros/page/14/?add_to_compare=43921,2025-09-27
https://tuslibros.cl/libro/mi-plan-d/?add-to-cart=16401,2025-09-27
https://tuslibros.cl/tienda-de-libros/?orderby=rating&add-to-wishlist=39032&add-to-cart=47240,2025-09-27
https://tuslibros.cl/tienda-de-libros/page/113/?add-to-cart=14661,2025-09-27
https://tuslibros.cl/libro/mi-plan-d/?add-to-cart=14501,2025-09-27
https://tuslibros.cl/libro/gog-giovanni-papini/?add-to-cart=33413,2025-09-27
https://tuslibros.cl/tienda-de-libros/?orderby=rating&add_to_compare=17654&add-to-cart=39148,2025-09-27
https://tuslibros.cl/tienda-de-libros/?orderby=rating&add-to-wishlist=39032&add-to-cart=32729,2025-09-27
https://tuslibros.cl/tienda-de-libros/page/5/?orderby=popularity&add_to_compare=17654,2025-09-26
https://tuslibros.cl/tienda-de-libros/page/7/?orderby=price&add_to_compare=17654,2025-09-26
https://tuslibros.cl/tienda-de-libros/page/114/?orderby=price&add-to-wishlist=45496,2025-09-26
https://tuslibros.cl/libro/maigret-y-el-tercer-hombre/,2025-09-26
https://tuslibros.cl/libro/romper-con-la-rutina/?add-to-cart=15801,2025-09-26
https://tuslibros.cl/libro/a-todos-los-chicos-de-los-que-me-enamore/?add-to-cart=16369,2025-09-26
https://tuslibros.cl/tienda-de-libros/page/4/?orderby=price&add_to_compare=17654,2025-09-26
https://tuslibros.cl/page/94/?amp,2025-09-26
https://tuslibros.cl/product-category/libros-antiguos/page/2/?orderby=popularity,2025-09-26
https://tuslibros.cl/libro/coleccion-deadly-sin/?add-to-cart=129,2025-09-26
https://tuslibros.cl/product-category/en-otros-idiomas/libros-en-ingles/page/2/?add-to-cart=28056,2025-09-26
https://tuslibros.cl/tienda-de-libros/page/3/?add-to-wishlist=45641,2025-09-26
https://tuslibros.cl/libro/vida-en-ratford-cinco-amigas-y-un-musical/?add-to-cart=38401,2025-09-26
https://tuslibros.cl/libro/los-cuentos-de-beedle-el-bardo/?add-to-cart=9550,2025-09-25
https://tuslibros.cl/libro/historia-secreta-de-chile-2-4/?add-to-cart=16785,2025-09-25
https://tuslibros.cl/tienda-de-libros/?orderby=popularity&add-to-cart=46869,2025-09-25
https://tuslibros.cl/tienda-de-libros/page/13/?add_to_compare=44128,2025-09-25
https://tuslibros.cl/tienda-de-libros/page/3/?add-to-wishlist=16859,2025-09-25
https://tuslibros.cl/tienda-de-libros/page/5/?orderby=price&add-to-wishlist=25472,2025-09-25
https://tuslibros.cl/tienda-de-libros/page/16/?orderby=popularity&add_to_compare=40072,2025-09-25
https://tuslibros.cl/tienda-de-libros/page/28/?add_to_compare=40355,2025-09-24
https://tuslibros.cl/libro/biblia-de-jerusalen-edicion-de-bolsillo-1999/?add-to-cart=26378,2025-09-24
https://tuslibros.cl/libro/biblia-de-jerusalen-edicion-de-bolsillo-1999/?add-to-cart=471,2025-09-24
https://tuslibros.cl/tienda-de-libros/page/124/?add_to_compare=17654,2025-09-24
https://tuslibros.cl/tienda-de-libros/page/88/?add_to_compare=17654,2025-09-24
https://tuslibros.cl/tienda-de-libros/page/8/?add-to-cart=45852,2025-09-24
https://tuslibros.cl/libro/patagonia-bravia-william-h-greenwood/feed/,2025-09-23
https://tuslibros.cl/page/3/?orderby=rating&add_to_compare=46392,2025-09-23
https://tuslibros.cl/tienda-de-libros/page/2/?add-to-wishlist=35145,2025-09-23
https://tuslibros.cl/libro/la-ultima-emperatriz-anchee-min/?add-to-cart=128,2025-09-23
https://tuslibros.cl/libro/el-marxismo-en-la-teologia/?add-to-wishlist=16898,2025-09-23
https://tuslibros.cl/tienda-de-libros/page/27/?add_to_compare=40608&add-to-cart=43734,2025-09-22
https://tuslibros.cl/tienda-de-libros/page/27/?add_to_compare=40608&add-to-cart=43659,2025-09-22
https://tuslibros.cl/libro/el-lobo-de-siberia-de-james-patterson/?add-to-cart=690,2025-09-22
https://tuslibros.cl/libro/el-lobo-de-siberia-de-james-patterson/?add-to-cart=591,2025-09-22
https://tuslibros.cl/tienda-de-libros/page/27/?add_to_compare=40608,2025-09-22
https://tuslibros.cl/libro/el-lobo-de-siberia-de-james-patterson/?add-to-cart=598,2025-09-22
https://tuslibros.cl/tienda-de-libros/page/3/?orderby=popularity&add_to_compare=33607,2025-09-21
https://tuslibros.cl/libro/orgullo-y-prejuicio/?add-to-cart=11057,2025-09-21
https://tuslibros.cl/tienda-de-libros/page/124/?add_to_compare=17617,2025-09-21
https://tuslibros.cl/libro/magnus-chase-y-los-dioses-de-asgard-la-espada-del-tiempo/?add-to-cart=33041,2025-09-21
https://tuslibros.cl/product-category/literatura/novelas/sin-categoria-novelas/?orderby=price&add-to-cart=33613,2025-09-21
https://tuslibros.cl/product-category/literatura/page/27/?add-to-cart=18414,2025-09-21
https://tuslibros.cl/tienda-de-libros/page/10/?add-to-cart=41816,2025-09-20
https://tuslibros.cl/tienda-de-libros/page/115/?orderby=price-desc&add_to_compare=15016,2025-09-20
https://tuslibros.cl/product-category/economia/finanzas-economia/?add-to-wishlist=41635,2025-09-20
https://tuslibros.cl/libro/los-dioses-de-cada-hombre-una-nueva-psicologia-masculina/?add-to-wishlist=38415,2025-09-20
https://tuslibros.cl/libro/los-dioses-de-cada-hombre-una-nueva-psicologia-masculina/?add-to-wishlist=203,2025-09-20
https://tuslibros.cl/libro/la-contadora-de-peliculas-hernan-rivera-letelier/?add-to-cart=479,2025-09-19
https://tuslibros.cl/libro/el-estafador/?add-to-cart=90,2025-09-19
https://tuslibros.cl/libro/el-cuaderno-de-victor-hidalgo-1967-luis-rivano/?add-to-wishlist=33626,2025-09-19
https://tuslibros.cl/libro/el-libro-mayor-de-violeta-parra-2011/?add-to-wishlist=14821,2025-09-19
https://tuslibros.cl/product-category/literatura/page/37/?add-to-wishlist=84,2025-09-18
https://tuslibros.cl/libro/la-casa-de-riverton-kate-morton/?add-to-cart=81,2025-09-18
https://tuslibros.cl/libro/matematica-1-medio-editorial-santillana/?add-to-cart=26207,2025-09-18
https://tuslibros.cl/libro/el-cuaderno-de-victor-hidalgo-1967-luis-rivano/?add-to-cart=33876,2025-09-18
https://tuslibros.cl/libro/pediatria-ambulatoria-un-enfoque-integral/?add-to-cart=26373,2025-09-18
https://tuslibros.cl/shop-carousel/?add-to-cart=668,2025-09-18
https://tuslibros.cl/tienda-de-libros/page/12/?add_to_compare=43637,2025-09-17
https://tuslibros.cl/libro/la-contadora-de-peliculas-hernan-rivera-letelier/?add-to-cart=217,2025-09-17
https://tuslibros.cl/libro/una-ayuda-para-ti-perseverancia-munoz-bilbao/?add-to-wishlist=14180,2025-09-17
https://tuslibros.cl/product/los-cuentos-de-beedle-el-bardo/,2025-09-17
https://tuslibros.cl/libro/reiniciados-y-2/?add-to-wishlist=11077,2025-09-17
https://tuslibros.cl/libro/enciclopedia-basica-del-conocimiento-universal-biologia/?add-to-cart=41962,2025-09-17
https://tuslibros.cl/libro/mi-primer-atlas/?add-to-wishlist=570&add-to-cart=46413,2025-09-17
https://tuslibros.cl/libro/mi-primer-atlas/?add-to-wishlist=570&add-to-cart=32761,2025-09-17
https://tuslibros.cl/libro/mi-primer-atlas/?add-to-wishlist=570&add-to-cart=46789,2025-09-17
https://tuslibros.cl/autor/isabel-allende/?add-to-cart=32887,2025-09-17
https://tuslibros.cl/libro/mi-primer-atlas/?add-to-wishlist=570&add-to-cart=47059,2025-09-17
https://tuslibros.cl/libro/antologia-15-de-las-mejores-novelas-policiacas-decimoquinta-seleccion/?add-to-wishlist=33180,2025-09-17
https://tuslibros.cl/libro/mi-primer-atlas/feed/,2025-09-17
https://tuslibros.cl/libro/mi-primer-atlas/?add-to-wishlist=570&add-to-cart=46526,2025-09-17
https://tuslibros.cl/libro/mi-primer-atlas/?add-to-wishlist=570&add-to-cart=570,2025-09-17
https://tuslibros.cl/libro/mi-primer-atlas/?add-to-wishlist=570&add-to-cart=46768,2025-09-17
https://tuslibros.cl/product-category/escolares/?add_to_compare=37738,2025-09-17
https://tuslibros.cl/tienda/catriffovgmail-com//,2025-09-16
https://tuslibros.cl/libro/the-murder-house/?add-to-cart=37813,2025-09-16
https://tuslibros.cl/shop-carousel/?add-to-cart=44981,2025-09-16
https://tuslibros.cl/libro/la-isla-caida-del-cielo-h-l-magog-coleccion-la-linterna-serie-escarlata-zigzag/?add-to-wishlist=33189,2025-09-12
https://tuslibros.cl/autor/george-simenon/page/4/?orderby=date&add-to-wishlist=33145&add-to-cart=33126,2025-09-12
https://tuslibros.cl/libro/yotsuba-1/?add-to-wishlist=35321,2025-09-12
https://tuslibros.cl/autor/george-simenon/page/4/?orderby=date&add-to-wishlist=33145&add-to-cart=33115,2025-09-12
https://tuslibros.cl/product-category/en-otros-idiomas/libros-en-ingles/page/2/?add-to-cart=27794,2025-09-12
https://tuslibros.cl/product-category/literatura/biografias/?orderby=rating&add-to-wishlist=34408&add-to-cart=27885,2025-09-11
https://tuslibros.cl/product-category/literatura/biografias/?orderby=rating&add-to-wishlist=34408&add-to-cart=17654,2025-09-11
https://tuslibros.cl/libro/dancing-with-the-devil-blair-nughes/?add-to-cart=41463,2025-09-11
https://tuslibros.cl/product-category/literatura/biografias/?orderby=rating&add-to-wishlist=34408,2025-09-11
https://tuslibros.cl/product-category/literatura/biografias/?add-to-wishlist=34360,2025-09-11
https://tuslibros.cl/product-category/literatura/biografias/?add-to-wishlist=34408,2025-09-11
https://tuslibros.cl/product-category/literatura/biografias/?orderby=popularity,2025-09-11
https://tuslibros.cl/tienda-de-libros/page/4/?orderby=date&add_to_compare=17541,2025-09-11
https://tuslibros.cl/libro/la-sangre-y-la-esperanza-quimantu-tomo-ii-nicomedes-guzman/?add-to-wishlist=34070,2025-09-11
https://tuslibros.cl/libro/los-creadores-de-imagen/?add-to-wishlist=26601,2025-09-11
https://tuslibros.cl/condicion/como-nuevo/page/3/?add-to-cart=33299,2025-09-10
https://tuslibros.cl/libro/la-medicina-en-la-historia/?add-to-wishlist=27833,2025-09-10
https://tuslibros.cl/tienda/cimlibros/page/4/?add_to_compare=43601,2025-09-10
https://tuslibros.cl/tienda-de-libros/page/6/?orderby=price&add_to_compare=16562,2025-09-10
https://tuslibros.cl/libro/dime-quien-soy/?add-to-cart=34341,2025-09-10
https://tuslibros.cl/condicion/texto-interior-excelente-estado/page/2/?add-to-wishlist=33049,2025-09-10
https://tuslibros.cl/libro/el-cuaderno-de-maya-isabel-allende/?add_to_compare=33426,2025-09-09
https://tuslibros.cl/libro/las-cronicas-de-narnia-el-principe-caspian/?add-to-wishlist=14950&add-to-cart=14974,2025-09-09
https://tuslibros.cl/libro/la-medicina-en-la-historia/?add-to-wishlist=33922,2025-09-09
https://tuslibros.cl/libro/la-medicina-en-la-historia/?add-to-wishlist=32877,2025-09-09
https://tuslibros.cl/libro/la-medicina-en-la-historia/?add-to-wishlist=658,2025-09-09
https://tuslibros.cl/tienda/cimlibros/page/5/?add_to_compare=43580,2025-09-09
https://tuslibros.cl/libro/purgatorio-tomas-eloy-martinez/?add-to-cart=662,2025-09-09
https://tuslibros.cl/libro/matematica-1-medio-editorial-santillana/?add-to-wishlist=37738,2025-09-09
https://tuslibros.cl/libro/hombrecitos-louisa-may-alcott/?add_to_compare=39930,2025-09-08
https://tuslibros.cl/product-category/en-otros-idiomas/page/4/?add-to-wishlist=37325,2025-09-08
https://tuslibros.cl/libro/enciclopedia-tematica-de-chile-tomo-19-historia-de-chile-3/?add-to-cart=17868,2025-09-08
https://tuslibros.cl/libro/la-ciencia-jovial-la-gaya-scienza-friedrich-nietzsche/?add-to-wishlist=34013,2025-09-08
https://tuslibros.cl/product-category/literatura/page/38/?orderby=price-desc&add_to_compare=33177,2025-09-08
https://tuslibros.cl/product-category/espiritualidad/?add_to_compare=38422,2025-09-08
https://tuslibros.cl/product-category/administracion-mercadotecnia-y-negocios/?add-to-wishlist=38898,2025-09-08
https://tuslibros.cl/libro/legacies-of-ewan-maccoll-the-last-interview-moore-vacca/?add-to-cart=40533,2025-09-08
https://tuslibros.cl/product-category/autoayuda-y-espiritualidad/page/4/?add-to-wishlist=16564,2025-09-08
https://tuslibros.cl/product-category/literatura/page/40/?orderby=popularity,2025-09-07
https://tuslibros.cl/condicion/con-marcas-de-uso/page/5/?add_to_compare=26741,2025-09-07
https://tuslibros.cl/libro/las-cronicas-de-narnia-el-principe-caspian/?add-to-wishlist=14950&add-to-cart=14956,2025-09-07
https://tuslibros.cl/libro/l-art-du-papier-vegetal-marie-jeanne-lorente/?add-to-wishlist=40314,2025-09-07
https://tuslibros.cl/tienda/cimlibros/?add-to-cart=41595,2025-09-06
https://tuslibros.cl/libro/las-novelas-de-la-dictadura-y-postdictadura-chilena-volumen-i-y-ii-grinor-rojo/?add-to-wishlist=33843&add-to-cart=35151,2025-09-06
https://tuslibros.cl/libro/psicologia-del-desarrollo/?add-to-wishlist=37894,2025-09-06
https://tuslibros.cl/libro/final-del-juego-julio-cortazar/?add-to-wishlist=14961,2025-09-06
https://tuslibros.cl/libro/como-resolver-conflictos-de-leslie-p-lewis/?add-to-wishlist=43791,2025-09-06
https://tuslibros.cl/product-category/informatica/?orderby=price,2025-09-06
https://tuslibros.cl/libro/el-extranjero-albert-camus-2/?add-to-cart=17672,2025-09-06
https://tuslibros.cl/libro/matematica-1-medio-editorial-santillana/?add-to-cart=26324,2025-09-06
https://tuslibros.cl/libro/la-vuelta-al-mundo-en-80-citas/?add_to_compare=35301,2025-09-06
https://tuslibros.cl/libro/lectopolis-f/?add-to-wishlist=26328,2025-09-06
https://tuslibros.cl/libro/departamento-de-arica/?add_to_compare=17153,2025-09-06
https://tuslibros.cl/product-category/medicina/?add-to-wishlist=40164,2025-09-06
https://tuslibros.cl/tienda-de-libros/page/2/?add-to-wishlist=15152,2025-09-06
https://tuslibros.cl/tienda-de-libros/page/2/?add-to-wishlist=45743,2025-09-06
https://tuslibros.cl/libro/1-miracle-mindset-2-this-earth-of-mankind-3-humor-for-a-womans-heart-4-the-almost-moon-2/?add-to-wishlist=292,2025-09-06
https://tuslibros.cl/libro/lolita-butterfly-alergica-al-campo/?add-to-wishlist=34030,2025-09-06
https://tuslibros.cl/product-category/literatura/ensayos/?orderby=rating,2025-09-06
https://tuslibros.cl/libro/la-medicina-en-la-historia/?add-to-wishlist=10627,2025-09-06
https://tuslibros.cl/tienda-de-libros/page/2/?add-to-wishlist=9729,2025-09-06
https://tuslibros.cl/libro/la-medicina-en-la-historia/?add-to-wishlist=650,2025-09-06
https://tuslibros.cl/libro/la-hormiguita-cantora-y-el-duende-melodia-alicia-morel/?add-to-wishlist=15168,2025-09-06
https://tuslibros.cl/product-category/ciencia/page/2/?add_to_compare=38503,2025-09-06
https://tuslibros.cl/tienda/tecaymichelle/category/novela/,2025-09-06
https://tuslibros.cl/libro/el-cuaderno-de-victor-hidalgo-1967-luis-rivano/?add-to-wishlist=33613,2025-09-06
https://tuslibros.cl/libro/fisica-wilson-buffa-lou-pearson-6ta-edicion/?add-to-wishlist=9725,2025-09-06
https://tuslibros.cl/product-category/literatura/novelas/sin-categoria-novelas/?orderby=price-desc,2025-09-06
https://tuslibros.cl/product-category/autoayuda-y-espiritualidad/literatura-nueva-era/novela/juvenil/fantasia/?orderby=price&add-to-cart=39180,2025-09-06
https://tuslibros.cl/libro/la-muerte-ronda-a-maigret/?add-to-cart=33129,2025-09-06
https://tuslibros.cl/vendedores-destatacados/page/6/,2025-09-06
https://tuslibros.cl/libro/manual-de-la-enfermeria/?add-to-wishlist=34001,2025-09-06
https://tuslibros.cl/libro/manual-de-la-enfermeria/?add-to-wishlist=26741,2025-09-06
https://tuslibros.cl/libro/manual-de-la-enfermeria/?add-to-wishlist=200,2025-09-06
https://tuslibros.cl/libro/ciudades-de-papel/?add-to-wishlist=9421,2025-09-06
https://tuslibros.cl/libro/el-sol-tambien-es-una-estrella/?add-to-wishlist=9550,2025-09-06
https://tuslibros.cl/libro/atrapandolos-vivos-editorial-ediciones-selectas-buenos-aires-1966/?add-to-cart=33619,2025-09-06
https://tuslibros.cl/libro/hermes-trimegesto-los-4-libros-hermeticos/?add-to-wishlist=40022,2025-09-06
https://tuslibros.cl/libro/manual-de-la-enfermeria/?add-to-wishlist=26362,2025-09-06
https://tuslibros.cl/libro/conversando-chiloe-con-margot-loyola-y-osvaldo-cadiz/?add-to-wishlist=33073,2025-09-06
https://tuslibros.cl/product-category/autoayuda-y-espiritualidad/?orderby=date&add_to_compare=217,2025-09-06
https://tuslibros.cl/libro/las-aventuras-de-tom-sawyer/?add-to-wishlist=10144,2025-09-05
https://tuslibros.cl/libro/la-villa-de-las-telas/?add-to-cart=217,2025-09-05
https://tuslibros.cl/tienda/cimlibros/?add_to_compare=45261,2025-09-05
https://tuslibros.cl/product-category/romance/?orderby=rating,2025-09-05
https://tuslibros.cl/tienda-de-libros/page/4/?orderby=price-desc&add_to_compare=45261,2025-09-05
https://tuslibros.cl/tienda-de-libros/page/91/?add-to-wishlist=16949,2025-09-04
https://tuslibros.cl/libro/rubaiyat-omar-jaiyam-editorial-zigzag-1966/?add-to-wishlist=39936,2025-09-04
https://tuslibros.cl/libro/explicaciones-de-derecho-civil-chileno-y-comparado-4/?add-to-wishlist=40022,2025-09-04
https://tuslibros.cl/product-category/medicina/salud-y-dietas-medicina/?orderby=rating,2025-09-04
https://tuslibros.cl/product-category/medicina/salud-y-dietas-medicina/?orderby=price,2025-09-04
https://tuslibros.cl/tienda-de-libros/page/4/?orderby=price-desc&add_to_compare=44740,2025-09-03
https://tuslibros.cl/condicion/con-marcas-de-uso/page/2/?add-to-cart=33219,2025-09-03
https://tuslibros.cl/tienda/munoz-eirl/about/,2025-09-02
https://tuslibros.cl/tienda-de-libros/page/91/?add-to-wishlist=16958,2025-09-02
https://tuslibros.cl/tienda-de-libros/page/91/?add-to-wishlist=16927,2025-09-02
https://tuslibros.cl/tienda-de-libros/page/5/?add-to-wishlist=10478,2025-09-01
https://tuslibros.cl/libro/los-cretinos/?add-to-wishlist=26207&add-to-cart=26347,2025-09-01
https://tuslibros.cl/tienda/cimlibros/page/5/?add_to_compare=45613,2025-09-01
https://tuslibros.cl/libro/jose-f-a-oliver-heimat-fruhe-gedichte/?add-to-cart=45801,2025-09-01
https://tuslibros.cl/product-category/literatura/chilena/?add-to-cart=45734,2025-08-31
https://tuslibros.cl/product-category/literatura/novelas/sin-categoria-novelas/?orderby=price,2025-08-31
https://tuslibros.cl/libro/la-esclusa-numero-1/?add-to-cart=33123,2025-08-31
https://tuslibros.cl/product-category/literatura/chilena/?add-to-cart=35151,2025-08-31
https://tuslibros.cl/product-category/literatura/chilena/?add-to-cart=40070,2025-08-31
https://tuslibros.cl/libro/explicaciones-de-derecho-civil-chileno-y-comparado-4/?add-to-wishlist=32507,2025-08-31
https://tuslibros.cl/product-category/literatura/chilena/?add_to_compare=40301,2025-08-31
https://tuslibros.cl/product-category/literatura/chilena/?orderby=popularity,2025-08-31
https://tuslibros.cl/product-category/literatura/chilena/?orderby=price-desc,2025-08-31
https://tuslibros.cl/product-category/escolares/?add_to_compare=373,2025-08-30
https://tuslibros.cl/tienda-de-libros/page/34/?add-to-wishlist=16697,2025-08-30
https://tuslibros.cl/product-category/historia-universal/page/2/?add_to_compare=32761,2025-08-30
https://tuslibros.cl/libro/como-son-y-como-funcionan-casi-todas-las-cosas/?add-to-cart=650,2025-08-30
https://tuslibros.cl/page/30/?add-to-wishlist=40096,2025-08-30
https://tuslibros.cl/libro/marketing-de-los-servicios/?add-to-wishlist=26561,2025-08-30
https://tuslibros.cl/libro/carne-y-fuego/?add_to_compare=40372,2025-08-29
https://tuslibros.cl/product-category/autoayuda-y-espiritualidad/?orderby=date&add-to-wishlist=9518,2025-08-29
https://tuslibros.cl/tienda-de-libros/page/2/?add-to-wishlist=17222,2025-08-29
https://tuslibros.cl/libro/que-es-la-personalidad-gordon-w-allport/?add-to-cart=17571,2025-08-29
https://tuslibros.cl/tienda-de-libros/page/112/?orderby=price&add-to-wishlist=39032,2025-08-29
https://tuslibros.cl/autor/george-simenon/page/2/?add_to_compare=33192,2025-08-29
https://tuslibros.cl/product-category/autoayuda-y-espiritualidad/?orderby=rating&add-to-wishlist=9518,2025-08-29
https://tuslibros.cl/libro/que-es-la-personalidad-gordon-w-allport/?add-to-wishlist=38415,2025-08-29
https://tuslibros.cl/tienda-de-libros/page/59/?add-to-cart=34039,2025-08-29
https://tuslibros.cl/page/98/?id=121,2025-08-29
https://tuslibros.cl/tienda-de-libros/page/59/?add-to-cart=34036,2025-08-29
https://tuslibros.cl/tienda-de-libros/page/2/?add-to-cart=33592,2025-08-29
https://tuslibros.cl/tienda-de-libros/page/2/?add-to-cart=40542,2025-08-29
https://tuslibros.cl/libro/boulevard-2/?add-to-wishlist=37798,2025-08-29
https://tuslibros.cl/tienda-de-libros/page/62/?add_to_compare=34079,2025-08-29
https://tuslibros.cl/tienda-de-libros/page/43/?add_to_compare=38054,2025-08-29
https://tuslibros.cl/libro/africa-pasado-y-presente-eduardo-ortiz-romero-2/?add-to-wishlist=33852,2025-08-29
https://tuslibros.cl/product-category/psicologia-oscura/?orderby=price&add-to-cart=41686,2025-08-29
https://tuslibros.cl/page/30/?add_to_compare=40155,2025-08-29
https://tuslibros.cl/tienda-de-libros/page/59/?add-to-cart=34070,2025-08-29
https://tuslibros.cl/page/30/?add-to-wishlist=40050,2025-08-29
https://tuslibros.cl/tienda-de-libros/page/59/?add_to_compare=34079,2025-08-29
https://tuslibros.cl/libro/la-esclusa-numero-1/?add-to-wishlist=33186,2025-08-29
https://tuslibros.cl/tienda-de-libros/page/33/?add-to-cart=39398,2025-08-29
https://tuslibros.cl/page/30/?add_to_compare=40149,2025-08-29
https://tuslibros.cl/tienda-de-libros/page/33/?add_to_compare=39721,2025-08-28
https://tuslibros.cl/libro/deeply-odd/?add-to-wishlist=27829,2025-08-28
https://tuslibros.cl/libro/como-son-y-como-funcionan-casi-todas-las-cosas/?add-to-cart=660,2025-08-28
https://tuslibros.cl/libro/hombrecitos-louisa-may-alcott/?add-to-wishlist=16691,2025-08-28
https://tuslibros.cl/libro/homo-deus/?add-to-wishlist=33103,2025-08-28
https://tuslibros.cl/libro/la-mision-era-matar/?add-to-wishlist=16921,2025-08-28
https://tuslibros.cl/libro/hombrecitos-louisa-may-alcott/?add-to-wishlist=40039,2025-08-28
https://tuslibros.cl/libro/el-libro-de-las-plantas/?add-to-cart=44940,2025-08-28
https://tuslibros.cl/product-category/escolares/?orderby=date,2025-08-28
https://tuslibros.cl/tienda/girasol/category/sin-categoria/,2025-08-27
https://tuslibros.cl/libro/macroeconomia/?add_to_compare=26482,2025-08-27
https://tuslibros.cl/libro/que-es-la-personalidad-gordon-w-allport/?add-to-wishlist=38690,2025-08-27
https://tuslibros.cl/libro/concepcion-embarazo-y-parto/?add-to-wishlist=16841,2025-08-27
https://tuslibros.cl/libro/matematica-1-medio-editorial-santillana/?add-to-cart=15178,2025-08-27
https://tuslibros.cl/libro/la-sangre/?add-to-wishlist=297,2025-08-27
https://tuslibros.cl/libro/coleccion-hp-lovecraft/?add-to-wishlist=33367,2025-08-27
https://tuslibros.cl/libro/mi-amor-de-wattpad/?add-to-wishlist=36794,2025-08-27
https://tuslibros.cl/estado/usado/page/21/?add-to-cart=429,2025-08-27
https://tuslibros.cl/libro/un-veterano-de-tres-guerras-guillermo-parvex/?add-to-wishlist=32761,2025-08-27
https://tuslibros.cl/tienda-de-libros/page/120/?orderby=price&add_to_compare=44552,2025-08-27
https://tuslibros.cl/tienda-de-libros/page/2/?add_to_compare=46484,2025-08-27
https://tuslibros.cl/libro/anonima/?add-to-wishlist=38519,2025-08-27
https://tuslibros.cl/product-category/autoayuda-y-espiritualidad/autoayuda-autoayuda-y-espiritualidad/?add-to-wishlist=16845,2025-08-27
https://tuslibros.cl/product-category/autoayuda-y-espiritualidad/autoayuda-autoayuda-y-espiritualidad/?add_to_compare=16841,2025-08-27
https://tuslibros.cl/libro/charly-queer/?add-to-wishlist=33916,2025-08-27
https://tuslibros.cl/product-category/autoayuda-y-espiritualidad/autoayuda-autoayuda-y-espiritualidad/?add_to_compare=26087,2025-08-27
https://tuslibros.cl/product/putas-asesinas/,2025-08-27
https://tuslibros.cl/libro/algebra-ignacio-bello/?add-to-wishlist=32735,2025-08-26
https://tuslibros.cl/product-category/autoayuda-y-espiritualidad/?orderby=date&add_to_compare=38422,2025-08-26
https://tuslibros.cl/product-category/autoayuda-y-espiritualidad/page/4/?add-to-wishlist=16397,2025-08-26
https://tuslibros.cl/product-category/autoayuda-y-espiritualidad/?orderby=rating&add_to_compare=38422,2025-08-26
https://tuslibros.cl/condicion/con-marcas-de-uso/page/4/?add_to_compare=33129,2025-08-26
https://tuslibros.cl/libro/algebra-ignacio-bello/?add-to-wishlist=32744,2025-08-26
https://tuslibros.cl/libro/maigret-y-el-confidente/?add_to_compare=33157,2025-08-26
https://tuslibros.cl/libro/mi-amor-de-wattpad/?add-to-wishlist=38401,2025-08-26
https://tuslibros.cl/libro/diario-de-una-pasion/?add-to-cart=685,2025-08-26
https://tuslibros.cl/tienda-de-libros/page/3/?add_to_compare=45115,2025-08-26
https://tuslibros.cl/tienda-de-libros/page/23/?add_to_compare=41973,2025-08-26
https://tuslibros.cl/product-category/literatura/ensayos/?add-to-wishlist=157,2025-08-26
https://tuslibros.cl/tienda-de-libros/page/79/?add-to-wishlist=44369,2025-08-26
https://tuslibros.cl/libro/diario-de-una-pasion/?add-to-cart=81,2025-08-26
https://tuslibros.cl/product-category/literatura-juvenil/?orderby=rating,2025-08-26
https://tuslibros.cl/libro/el-lobo-de-siberia-de-james-patterson/?add-to-cart=455,2025-08-26
https://tuslibros.cl/tienda-de-libros/page/14/?orderby=popularity&add_to_compare=16694,2025-08-25
https://tuslibros.cl/libro/jose-f-a-oliver-heimat-fruhe-gedichte/?add-to-wishlist=45757,2025-08-25
https://tuslibros.cl/tienda-de-libros/page/3/?add-to-cart=46712,2025-08-25
https://tuslibros.cl/tienda-de-libros/page/3/?add-to-cart=46705,2025-08-25
https://tuslibros.cl/page/111/?add-to-wishlist=544,2025-08-25
https://tuslibros.cl/una-vida-sin-limites/?add_to_wishlist=17654,2025-08-25
https://tuslibros.cl/libro/que-es-la-personalidad-gordon-w-allport/?add-to-wishlist=37894,2025-08-25
https://tuslibros.cl/libro/pack-de-libros-de-jorge-baradit/?add-to-wishlist=16263,2025-08-25
https://tuslibros.cl/tienda-de-libros/page/87/?add-to-cart=17400,2025-08-25
https://tuslibros.cl/tienda-de-libros/page/3/?add-to-wishlist=10907,2025-08-25
https://tuslibros.cl/product-category/romance/page/3/?add-to-cart=37798,2025-08-25
https://tuslibros.cl/tienda-de-libros/page/116/?orderby=popularity&add_to_compare=33532,2025-08-25
https://tuslibros.cl/tienda-de-libros/page/3/?add-to-wishlist=10478,2025-08-25
https://tuslibros.cl/tienda-de-libros/page/3/?add-to-wishlist=12732,2025-08-25
https://tuslibros.cl/page/3/?add_to_compare=46311,2025-08-25
https://tuslibros.cl/libro/la-historia-de-julian-el-juego-de-christopher-y-charlotte-tienen-la-palabra-r-j-palacio/?add-to-wishlist=17666,2025-08-25
https://tuslibros.cl/tienda-de-libros/page/4/?orderby=price-desc&add-to-wishlist=33367,2025-08-25
https://tuslibros.cl/libro/cuentos-completos-de-edgar-allan-poe/?add-to-wishlist=16614,2025-08-24
https://tuslibros.cl/libro/box-set-deja-que-ocurra-alice-kellen/?add-to-wishlist=38979,2025-08-24
https://tuslibros.cl/tienda-de-libros/page/14/?add-to-wishlist=43791,2025-08-24
https://tuslibros.cl/tienda-de-libros/page/2/?add_to_compare=45043,2025-08-24
https://tuslibros.cl/tienda-de-libros/page/2/?orderby=rating&add_to_compare=40307,2025-08-24
https://tuslibros.cl/libro/hogar-de-miss-peregrine-para-ninos-peculiares/?add-to-cart=16853,2025-08-24
https://tuslibros.cl/tienda-de-libros/page/2/?add-to-wishlist=45034,2025-08-24
https://tuslibros.cl/tienda-de-libros/page/2/?add-to-wishlist=45003,2025-08-24
https://tuslibros.cl/tienda-de-libros/page/2/?add_to_compare=45034,2025-08-24
https://tuslibros.cl/tienda-de-libros/page/117/?orderby=date&add-to-wishlist=43907,2025-08-24
https://tuslibros.cl/page/113/?return=chtdhybhu,2025-08-24
https://tuslibros.cl/libro/la-casa-del-bosque/?add-to-wishlist=685,2025-08-23
https://tuslibros.cl/tienda-de-libros/page/32/?add-to-wishlist=39105,2025-08-23
https://tuslibros.cl/product-category/literatura-juvenil/?orderby=date,2025-08-23
https://tuslibros.cl/libro/una-vida-sin-limites/?add-to-wishlist=10944,2025-08-23
https://tuslibros.cl/product-category/reportaje/entrevista/?orderby=price-desc,2025-08-23
https://tuslibros.cl/tienda-de-libros/page/3/?add_to_compare=40155,2025-08-22
https://tuslibros.cl/libro/usted-puede-ser-lo-bueno-que-quiera-ser/?add-to-wishlist=43179,2025-08-22
https://tuslibros.cl/libro/diccionario-general-ilustrado-de-la-lengua-esoanola/?add-to-wishlist=14511,2025-08-22
https://tuslibros.cl/libro/una-vida-sin-limites/?add-to-wishlist=34352,2025-08-22
https://tuslibros.cl/libro/las-mujeres-que-aman-demasiado-robin-norwood/?add-to-wishlist=685&add-to-cart=674,2025-08-22
https://tuslibros.cl/libro/las-mujeres-que-aman-demasiado-robin-norwood/?add-to-wishlist=685&add-to-cart=455,2025-08-22
https://tuslibros.cl/libro/las-mujeres-que-aman-demasiado-robin-norwood/?add-to-wishlist=685,2025-08-22
https://tuslibros.cl/libro/las-mujeres-que-aman-demasiado-robin-norwood/?add-to-wishlist=430,2025-08-22
https://tuslibros.cl/libro/the-stimulated-brain/?add-to-wishlist=26373&add-to-cart=26365,2025-08-22
https://tuslibros.cl/tienda-de-libros/page/117/?add_to_compare=34390&add-to-cart=315,2025-08-22
https://tuslibros.cl/tienda-de-libros/page/120/?orderby=rating&add_to_compare=44128,2025-08-22
https://tuslibros.cl/tienda-de-libros/page/118/?orderby=rating&add_to_wishlist=35323,2025-08-22
https://tuslibros.cl/tienda-de-libros/page/62/?add-to-cart=33978,2025-08-22
https://tuslibros.cl/product-category/literatura/novelas/sin-categoria-novelas/?add_to_compare=33709,2025-08-22
https://tuslibros.cl/libro/una-vida-sin-limites/?add-to-wishlist=16958,2025-08-21
https://tuslibros.cl/libro/the-stimulated-brain/?add-to-wishlist=26373&add-to-cart=40172,2025-08-21
https://tuslibros.cl/libro/las-mujeres-que-aman-demasiado-robin-norwood/?add-to-wishlist=598,2025-08-21
https://tuslibros.cl/libro/hermes-trimegesto-los-4-libros-hermeticos/?add-to-wishlist=33419,2025-08-21
https://tuslibros.cl/libro/hermes-trimegesto-los-4-libros-hermeticos/?add-to-wishlist=41611,2025-08-21
https://tuslibros.cl/libro/la-ciudad-de-los-herejes/?add-to-wishlist=689,2025-08-21
https://tuslibros.cl/libro/las-mujeres-que-aman-demasiado-robin-norwood/?add-to-wishlist=674,2025-08-21
https://tuslibros.cl/libro/cronica-de-una-muerte-anunciada/?add-to-wishlist=35133,2025-08-21
https://tuslibros.cl/libro/un-veterano-de-tres-guerras-guillermo-parvex/?add-to-wishlist=650,2025-08-21
https://tuslibros.cl/libro/ciudades-de-papel/?add-to-wishlist=9699,2025-08-21
https://tuslibros.cl/libro/la-medicina-en-la-historia/?add-to-wishlist=657,2025-08-21
https://tuslibros.cl/libro/matematica-para-nacional/?add-to-cart=15323,2025-08-21
https://tuslibros.cl/libro/biblioteca-de-selecciones-del-readers-digest-1959/?add-to-cart=36416,2025-08-21
https://tuslibros.cl/tienda-de-libros/page/84/?add-to-cart=17669,2025-08-21
https://tuslibros.cl/libro/corona-de-media-noche/?add-to-wishlist=35230,2025-08-21
https://tuslibros.cl/product-category/literatura/chilena/?orderby=price,2025-08-21
https://tuslibros.cl/libro/ciudades-de-papel/?add-to-wishlist=9958,2025-08-21
https://tuslibros.cl/product-category/coleccion/musica/?orderby=price-desc,2025-08-21
https://tuslibros.cl/product-category/coleccion/musica/?orderby=price,2025-08-21
https://tuslibros.cl/libro/historia-de-la-filosofia-fernando-savater/,2025-08-20
https://tuslibros.cl/libro/mass-flourishing-como-la-innovacion-de-base-creo-empleos-desafios-y-cambios/?add-to-wishlist=32323,2025-08-20
https://tuslibros.cl/libro/los-dioses-de-cada-hombre-una-nueva-psicologia-masculina/?add-to-wishlist=17575,2025-08-20
https://tuslibros.cl/libro/ciudades-de-papel/?add_to_compare=9421,2025-08-20
https://tuslibros.cl/libro/atrapandolos-vivos-editorial-ediciones-selectas-buenos-aires-1966/?add-to-wishlist=34145,2025-08-20
https://tuslibros.cl/libro/antologia-de-novelas-del-oeste-sexta-seleccion-ernest-haycox/?add-to-cart=33859,2025-08-20
https://tuslibros.cl/libro/mass-flourishing-como-la-innovacion-de-base-creo-empleos-desafios-y-cambios/?add-to-wishlist=15064,2025-08-20
https://tuslibros.cl/libro/la-memoria-portaliana/?add-to-wishlist=547,2025-08-20
https://tuslibros.cl/product-category/economia/page/4/?add_to_compare=26567,2025-08-20
https://tuslibros.cl/libro/los-dioses-de-cada-hombre-una-nueva-psicologia-masculina/?add-to-wishlist=10766,2025-08-20
https://tuslibros.cl/tienda-de-libros/page/2/?add-to-wishlist=40314,2025-08-20
https://tuslibros.cl/libro/burlar-al-diablo/?add-to-cart=26091,2025-08-20
https://tuslibros.cl/libro/tiende-tu-cama-y-otros-pequenos-habitos/?add_to_compare=37804,2025-08-20
https://tuslibros.cl/product-category/autoayuda-y-espiritualidad/literatura-nueva-era/novela/juvenil/fantasia/?orderby=date&add-to-cart=39180,2025-08-20
https://tuslibros.cl/product-category/autoayuda-y-espiritualidad/literatura-nueva-era/novela/juvenil/fantasia/?add-to-cart=39180,2025-08-20
https://tuslibros.cl/tienda-de-libros/page/73/?add-to-cart=17156,2025-08-16
https://tuslibros.cl/tienda-de-libros/page/9/?orderby=price-desc&add_to_compare=36642,2025-08-16
https://tuslibros.cl/tienda/poollitooto-piogmail-com/about/,2025-08-16
https://tuslibros.cl/page/99/,2025-08-16
https://tuslibros.cl/tienda/vendo-libros/about/,2025-08-16
https://tuslibros.cl/tienda-de-libros/page/118/?add_to_compare=35256,2025-08-16
https://tuslibros.cl/libro/relaciones-karmicas/?add-to-wishlist=463,2025-08-16
https://tuslibros.cl/tienda-de-libros/page/4/?orderby=price-desc&add-to-wishlist=45481,2025-08-16
https://tuslibros.cl/tienda-de-libros/page/116/?orderby=price-desc&add_to_compare=16881,2025-08-16
https://tuslibros.cl/tienda-de-libros/page/4/?add_to_compare=16588,2025-08-16
https://tuslibros.cl/tienda/cimlibros/page/2/?add_to_compare=45604,2025-08-16
https://tuslibros.cl/page/34/,2025-08-16
https://tuslibros.cl/tienda-de-libros/page/29/?add-to-cart=40665,2025-08-16
https://tuslibros.cl/product-category/romance/page/2/?add_to_compare=39162,2025-08-16
https://tuslibros.cl/tienda-de-libros/page/6/?orderby=price&add_to_compare=40192,2025-08-16
https://tuslibros.cl/libro/maze-runner-correr-o-morir-2/?add-to-wishlist=580,2025-08-15
https://tuslibros.cl/libro/atrapandolos-vivos-editorial-ediciones-selectas-buenos-aires-1966/?add-to-wishlist=33876,2025-08-15
https://tuslibros.cl/product-category/autoayuda-y-espiritualidad/espiritualidad-autoayuda-y-espiritualidad/?orderby=popularity,2025-08-15
https://tuslibros.cl/libro/el-lider-del-futuro/?add-to-wishlist=26599,2025-08-15
https://www.tuslibros.cl/libro/putas-asesinas/,2025-08-14
https://tuslibros.cl/libro/la-metamorfosis-franz-kafka/?add-to-wishlist=421,2025-08-03
https://tuslibros.cl/tienda-de-libros/page/3/?orderby=date&add_to_compare=26400,2025-08-02
https://tuslibros.cl/libro/completeness-plenitud-calidad-para-el-siglo-xxi-tomo-i/?add-to-wishlist=209,2025-08-01
https://tuslibros.cl/product-category/ciencia/matematicas-ciencia/?add-to-wishlist=32741,2025-07-31
https://tuslibros.cl/tienda-de-libros/page/2/?add-to-cart=39930,2025-07-31
https://tuslibros.cl/libro/la-revolucion-tecnologica/?add-to-wishlist=11057,2025-07-31
https://tuslibros.cl/libro/enfermeria-geriatrica/?add-to-wishlist=26373,2025-07-30
https://tuslibros.cl/libro/mandalas-para-colorear/?add-to-cart=33737,2025-07-30
https://tuslibros.cl/estado/usado/page/7/?add-to-cart=33234,2025-07-30
https://tuslibros.cl/tienda-de-libros/page/2/?add_to_compare=17471,2025-07-30
https://tuslibros.cl/libro/cuentos-de-amor-de-locura-y-de-muerte-horacio-quiroga/?add-to-cart=421,2025-07-28
https://tuslibros.cl/libro/martes-11-luis-alvarez-francisco-castillo-abraham-santibanez/,2025-07-28
https://tuslibros.cl/page/119/?add-to-cart=129,2025-07-28
https://tuslibros.cl/product-category/arte-y-fotografia/page/1/?add_to_compare=40713,2025-07-26
https://tuslibros.cl/page/3/?add_to_compare=46401,2025-07-25
https://tuslibros.cl/tienda-de-libros/page/84/?add-to-cart=17681,2025-07-19
https://tuslibros.cl/product-category/literatura/chilena/?add_to_compare=35130,2025-07-18
https://tuslibros.cl/libro/una-verdad-delicada-john-le-carre/?add-to-cart=430,2025-07-17
https://tuslibros.cl/page/20/?orderby=price-desc&a=ap&addon=contact_us&page=main&reportAbuse=213,2025-07-16
https://tuslibros.cl/libro/una-vacante-imprevista/?add-to-wishlist=44968,2025-07-16
https://tuslibros.cl/libro/guerra-y-paz-tomos-i-y-ii/?add-to-wishlist=34293,2025-07-15
https://tuslibros.cl/libro/la-dieta-keto/?add-to-wishlist=41671,2025-07-15
https://tuslibros.cl/tienda/monlibros/?add-to-cart=28056,2025-07-14
https://tuslibros.cl/tienda/libros-usado//,2025-07-11
https://tuslibros.cl/libro/una-vacante-imprevista/?add_to_compare=44968,2025-07-10
https://tuslibros.cl/libro/roberto-ampuero-bolero-in-havana/?add-to-wishlist=45766,2025-07-09
https://tuslibros.cl/libro/templarios-en-america-tim-wallace-murphy-marilyn-hopkins/?add-to-wishlist=43861,2025-07-07
https://tuslibros.cl/libro/veganomicon-the-ultimate-vegan-cookbook/?add_to_compare=34918,2025-07-03
https://tuslibros.cl/libro/quisiera-que-oyeran-la-cancion-que-escucho-cuando-escribo-esto/?add-to-cart=38175,2025-07-02
https://tuslibros.cl/libro/tess-la-de-los-durberville/?add-to-cart=217,2025-07-02
https://tuslibros.cl/libro/el-lobo-de-siberia-de-james-patterson/?add-to-wishlist=315,2025-07-02
https://tuslibros.cl/libro/ciudades-de-papel-4/?add-to-cart=11077,2025-07-02
https://tuslibros.cl/libro/el-reino-de-los-malditos/?add-to-wishlist=35195,2025-06-28
https://tuslibros.cl/libro/el-tunel-2/?add-to-wishlist=16791,2025-06-26
https://tuslibros.cl/libro/quisiera-que-oyeran-la-cancion-que-escucho-cuando-escribo-esto/?add-to-wishlist=9430,2025-06-25
https://tuslibros.cl/libro/mil-veces-hasta-siempre-john-green/?add-to-wishlist=217,2025-06-25
https://tuslibros.cl/product-category/ciencia/matematicas-ciencia/algebra-matematicas-ciencia/?orderby=popularity,2025-06-25
https://tuslibros.cl/product-category/economia/page/4/?orderby=popularity,2025-06-24
https://tuslibros.cl/tienda-de-libros/page/44/?add-to-cart=35793,2025-06-24
https://tuslibros.cl/product-category/ediciones-especiales/?orderby=price,2025-06-23
https://tuslibros.cl/libro/la-firma-2/?add-to-cart=33174,2025-06-23
https://tuslibros.cl/libro/los-pies-reflejo-de-la-personalidad-2/?add_to_compare=43914,2025-06-22
https://tuslibros.cl/libro/legados-del-monetarismo-argentina-y-chile/?add-to-wishlist=26482,2025-06-21
https://tuslibros.cl/product-category/esotericos/page/2/?orderby=rating&add-to-wishlist=469,2025-06-21
https://tuslibros.cl/tienda-de-libros/page/80/?add_to_compare=26631,2025-06-20
https://tuslibros.cl/page/14/?add-to-cart=45399,2025-06-20
https://tuslibros.cl/libro/sobre-cultura-popular-b-subercaseaux/?add-to-wishlist=333,2025-06-20
https://tuslibros.cl/libro/arriba-en-la-cordillera-john-guiver/?add_to_compare=45087,2025-06-19
https://tuslibros.cl/libro/narraciones-extraordinarias-edgar-allan-poe-2/?add-to-wishlist=14956,2025-06-19
https://tuslibros.cl/libro/la-memoria-portaliana/?add-to-wishlist=383,2025-06-19
https://tuslibros.cl/tienda-de-libros/page/4/?orderby=rating&add-to-wishlist=32521,2025-06-06
https://tuslibros.cl/libro/h-de-harry-darlis-stefany/?add-to-wishlist=14959,2025-06-05
https://tuslibros.cl/libro/el-cuaderno-de-victor-hidalgo-1967-luis-rivano/?add-to-wishlist=33489,2025-06-05
https://tuslibros.cl/libro/gog-giovanni-papini/?add-to-wishlist=464,2025-06-05
https://tuslibros.cl/libro/hogar-de-miss-peregrine-para-ninos-peculiares/?add-to-cart=304,2025-06-05
https://tuslibros.cl/tienda-de-libros/page/3/?orderby=date&add-to-wishlist=33524,2025-06-05
https://tuslibros.cl/tienda-de-libros/page/2/?add-to-wishlist=26459,2025-06-05
https://tuslibros.cl/libro/el-marxismo-en-la-teologia/?add-to-wishlist=384,2025-06-05
https://tuslibros.cl/libro/los-trasplantados-de-alberto-blest-gana-usado/?add-to-wishlist=33695,2025-06-05
https://tuslibros.cl/libro/derecho-civil-en-resumenes-y-esquematizado-obligaciones-anibal-cornejo-manriquez/?add-to-wishlist=40363,2025-06-05
https://tuslibros.cl/libro/la-novia-del-dragon-de-beverley/?add-to-wishlist=38960,2025-06-05
https://tuslibros.cl/libro/mi-estupido-ninero/?add-to-wishlist=38407,2025-06-05
https://tuslibros.cl/libro/legacies-of-ewan-maccoll-the-last-interview-moore-vacca/?add-to-wishlist=334,2025-06-05
https://tuslibros.cl/tienda-de-libros/page/4/?orderby=price-desc&add-to-wishlist=40050,2025-06-05
https://tuslibros.cl/libro/natures-world-of-wonders/?add-to-wishlist=293,2025-06-05
https://tuslibros.cl/tienda-de-libros/page/30/?add-to-wishlist=32918,2025-06-05
https://tuslibros.cl/libro/salvador-allende-el-fin-de-un-mito-victor-farias/?add-to-wishlist=45754,2025-06-05
https://tuslibros.cl/libro/the-philosophy-of-money-2/?add-to-cart=16583,2025-06-05
https://tuslibros.cl/libro/maigret-y-los-muertos-del-canal/?add-to-wishlist=33192,2025-06-05
https://tuslibros.cl/libro/altazor/?add-to-cart=39936,2025-06-05
https://tuslibros.cl/libro/gog-giovanni-papini/?add-to-cart=469,2025-06-05
https://tuslibros.cl/libro/gog-giovanni-papini/?add-to-cart=10634,2025-06-05
https://tuslibros.cl/libro/gog-giovanni-papini/?add-to-cart=13198,2025-06-05
https://tuslibros.cl/tienda-de-libros/page/96/?add-to-cart=17433,2025-06-05
https://tuslibros.cl/libro/great-journeys-of-the-world/?add_to_compare=27803,2025-06-05
https://tuslibros.cl/libro/great-journeys-of-the-world/?add-to-wishlist=27794,2025-06-05
https://tuslibros.cl/libro/coleccion-chilevision-musica-cds-y-dvds-violeta-parra-2014/?add-to-wishlist=40324,2025-06-05
https://tuslibros.cl/tienda-de-libros/page/30/?add-to-wishlist=33890,2025-06-05
https://tuslibros.cl/libro/set-into-song-ewan-maccoll-charles-parker-peggy-seeger-and-the-radio-ballads/?add-to-wishlist=40318,2025-06-05
https://tuslibros.cl/libro/libro-luna-nueva-saga-crepusculo-stephenie-meyer/?add-to-wishlist=39398,2025-06-05
https://tuslibros.cl/libro/el-lazarillo-de-tormes-anonimo/?add-to-cart=41460,2025-06-05
https://tuslibros.cl/tienda-de-libros/page/2/?orderby=price-desc&add-to-wishlist=38932,2025-06-05
https://tuslibros.cl/tienda-de-libros/page/3/?orderby=popularity&add_to_compare=43344,2025-06-05
https://tuslibros.cl/libro/la-metamorfosis-franz-kafka/?add-to-cart=14914,2025-06-05
https://tuslibros.cl/tienda-de-libros/page/7/?orderby=date&add-to-wishlist=33656,2025-06-05
https://tuslibros.cl/tienda-de-libros/page/5/?add_to_compare=15240,2025-06-05
https://tuslibros.cl/tienda-de-libros/page/4/?orderby=price-desc&add-to-wishlist=26073,2025-06-05
https://tuslibros.cl/tienda-de-libros/page/4/?orderby=price-desc&add-to-wishlist=27839,2025-06-05
https://tuslibros.cl/tienda-de-libros/page/7/?add_to_compare=45345,2025-06-05
https://tuslibros.cl/tienda-de-libros/page/8/?add_to_compare=45345,2025-06-05
https://tuslibros.cl/tienda-de-libros/page/16/?add_to_compare=45335,2025-06-05
https://tuslibros.cl/tienda-de-libros/page/8/?add_to_compare=45414,2025-06-05
https://tuslibros.cl/tienda-de-libros/page/3/?orderby=date&add_to_compare=45273,2025-06-05
https://tuslibros.cl/tienda-de-libros/page/6/?add-to-wishlist=729,2025-06-05
https://tuslibros.cl/tienda-de-libros/page/2/?add-to-wishlist=17512,2025-06-05
https://tuslibros.cl/tienda-de-libros/page/3/?add-to-wishlist=17537,2025-06-05
https://tuslibros.cl/tienda-de-libros/page/105/?add-to-wishlist=38883,2025-06-05
https://tuslibros.cl/libro/bonsai/?add-to-wishlist=389,2025-06-05
https://tuslibros.cl/tienda-de-libros/page/9/?add-to-wishlist=17297,2025-06-05
https://tuslibros.cl/libro/salvador-allende-el-fin-de-un-mito-victor-farias/?add-to-wishlist=45794,2025-06-05
https://tuslibros.cl/tienda-de-libros/page/6/?add_to_compare=45224,2025-06-05
https://tuslibros.cl/tienda-de-libros/page/105/?add-to-wishlist=44098,2025-06-05
https://tuslibros.cl/tienda-de-libros/page/16/?add_to_compare=33508,2025-06-05
https://tuslibros.cl/libro/aristotelia-chilensis-pablo-huneeus/?add-to-wishlist=33909,2025-06-05
https://tuslibros.cl/libro/cuentos-completos-de-edgar-allan-poe/?add-to-wishlist=17541,2025-06-05
https://tuslibros.cl/libro/el-consumo-me-consume-tomas-moulian/?add-to-cart=16583,2025-06-05
https://tuslibros.cl/libro/yoga-la-ciencia-del-cuerpo-y-del-alma-yogashala-gustavo-ponce/?add-to-wishlist=38413,2025-06-05
https://tuslibros.cl/libro/bhagavad-gita-un-poema-para-el-alma/?add-to-wishlist=27852,2025-06-05
https://tuslibros.cl/libro/fragmentos-de-verdades-ocultas/?add-to-cart=38413,2025-06-05
https://tuslibros.cl/libro/lolita-butterfly-alergica-al-campo/?add-to-cart=27940,2025-06-05
https://tuslibros.cl/libro/backstage-angie-ocampos/?add-to-wishlist=17293,2025-06-05
https://tuslibros.cl/libro/leonardo-padura-paisaje-de-otono/?add-to-cart=33145,2025-06-05
https://tuslibros.cl/libro/leonardo-padura-paisaje-de-otono/?add-to-cart=33123,2025-06-05
https://tuslibros.cl/tienda-de-libros/page/10/?orderby=price-desc&add-to-wishlist=11032,2025-06-05
https://tuslibros.cl/tienda-de-libros/page/3/?add-to-wishlist=36800,2025-06-05
https://tuslibros.cl/tienda-de-libros/page/3/?add_to_compare=41539,2025-06-05
https://tuslibros.cl/tienda-de-libros/page/15/?add-to-wishlist=45437,2025-06-05
https://tuslibros.cl/libro/la-dieta-keto/?add-to-cart=26089,2025-06-05
https://tuslibros.cl/libro/boulevard-2/?add-to-wishlist=38906,2025-06-05
https://tuslibros.cl/libro/sobre-cultura-popular-b-subercaseaux/?add-to-cart=27797,2025-06-05
https://tuslibros.cl/libro/1984-george-orwell-en-sueco/?add-to-cart=33619,2025-06-05
https://tuslibros.cl/libro/el-sobrino-del-mago/?add-to-cart=16782,2025-06-05
https://tuslibros.cl/libro/lote-i-de-14-libros/?add-to-cart=159,2025-06-05
https://tuslibros.cl/libro/teatro-y-dramatizacion-didactica-de-la-creacion-colectiva-de-carmen-carballo-basadre/?add-to-cart=39792,2025-06-04
https://tuslibros.cl/libro/los-hijos-del-capitan-grant/?add-to-wishlist=16761,2025-06-04
https://tuslibros.cl/libro/africa-pasado-y-presente-eduardo-ortiz-romero-2/?add-to-cart=45757,2025-06-04
https://tuslibros.cl/tienda-de-libros/page/8/?orderby=price&add-to-wishlist=14650,2025-06-04
https://tuslibros.cl/libro/michel-bonnefoy-punto-de-no-retorno/?add_to_compare=45737,2025-06-04
https://tuslibros.cl/libro/h-de-harry-darlis-stefany/?add-to-wishlist=14950,2025-06-04
https://tuslibros.cl/libro/completeness-plenitud-calidad-para-el-siglo-xxi-tomo-i/?add-to-wishlist=14356,2025-06-04
https://tuslibros.cl/libro/antologia-de-novelas-del-oeste-quinta-seleccion-ernest-haycox/?add-to-wishlist=34175,2025-06-04
https://tuslibros.cl/libro/el-estafador/?add-to-cart=591,2025-06-04
https://tuslibros.cl/libro/recuerdo-de-treinta-anos/?add-to-wishlist=37882,2025-06-04
https://tuslibros.cl/libro/contabilidad-rayado/?add-to-cart=558,2025-06-04
https://tuslibros.cl/libro/fiesta-en-el-jardin/?add-to-wishlist=421,2025-06-04
https://tuslibros.cl/libro/putas-asesinas/?add-to-cart=430,2025-06-04
https://tuslibros.cl/libro/obtenga-el-si-consigo-mismo/?add-to-wishlist=33029,2025-06-04
https://tuslibros.cl/tienda-de-libros/page/105/?add-to-wishlist=14981,2025-06-04
https://tuslibros.cl/libro/la-educacion-del-ser-emocional-juan-casassus/?add-to-wishlist=33791,2025-06-04
https://tuslibros.cl/tienda-de-libros/page/9/?add_to_compare=45472,2025-06-04
https://tuslibros.cl/libro/wires-and-nerve/?add-to-wishlist=14974,2025-06-04
https://tuslibros.cl/tienda-de-libros/page/3/?add-to-wishlist=15093,2025-06-04
https://tuslibros.cl/tienda-de-libros/page/3/?add-to-wishlist=16619,2025-06-04
https://tuslibros.cl/tienda-de-libros/page/38/?add_to_compare=640,2025-06-04
https://tuslibros.cl/tienda-de-libros/page/102/?add-to-cart=15161,2025-06-04
https://tuslibros.cl/libro/el-duque-y-yo/?add-to-cart=129,2025-06-04
https://tuslibros.cl/libro/los-hijos-del-capitan-grant/?add-to-cart=26378,2025-06-04
https://tuslibros.cl/libro/el-extranjero-albert-camus-2/?add-to-cart=14959,2025-06-04
https://tuslibros.cl/libro/maigret-viaja/?add-to-cart=32366,2025-06-04
https://tuslibros.cl/libro/tess-la-de-los-durberville/?add-to-cart=216,2025-06-04
https://tuslibros.cl/libro/sherlock-lupin-y-yo/?add-to-cart=14862,2025-06-04
https://tuslibros.cl/libro/cuentos-de-la-selva/?add-to-wishlist=38684,2025-06-04
https://tuslibros.cl/libro/el-pequeno-larousse-ilustrado/?add-to-cart=34251,2025-06-04
https://tuslibros.cl/libro/mario-vargas-llosa-alles-boulevard/?add-to-cart=45807,2025-06-04
https://tuslibros.cl/libro/como-resolver-conflictos-de-leslie-p-lewis/?add-to-cart=37807,2025-06-04
https://tuslibros.cl/libro/medicina-interna-volumen-i-farreras-rozman/?add-to-wishlist=14868,2025-06-04
https://tuslibros.cl/libro/el-lazarillo-de-tormes-anonimo/?add-to-wishlist=41386,2025-06-04
https://tuslibros.cl/libro/comer-rezar-y-amar/?add-to-cart=33725,2025-06-04
https://tuslibros.cl/libro/el-periodismo-cultural-jorge-b-rivera/?add-to-wishlist=32975,2025-06-04
https://tuslibros.cl/libro/el-lazarillo-de-tormes-anonimo/?add-to-wishlist=40520,2025-06-04
https://tuslibros.cl/libro/ben-hur-lewis-wallace/?add-to-wishlist=33656,2025-06-04
https://tuslibros.cl/libro/abel-sanchez-miguel-de-unamuno/?add-to-cart=15152,2025-06-04
https://tuslibros.cl/libro/el-reino-de-los-malditos/?add-to-wishlist=36388,2025-06-04
https://tuslibros.cl/libro/cuidados-basicos-del-nino-sano-y-del-enfermo/?add-to-wishlist=16566,2025-06-04
https://tuslibros.cl/libro/ben-hur-lewis-wallace/?add-to-cart=33613,2025-06-04
https://tuslibros.cl/libro/nosotros-en-la-luna/?add-to-wishlist=14988,2025-06-04
https://tuslibros.cl/libro/para-que-no-me-olvides/?add-to-cart=33646,2025-06-04
https://tuslibros.cl/libro/h-de-harry-darlis-stefany/?add-to-wishlist=17288,2025-06-04
https://tuslibros.cl/condicion/con-marcas-de-uso/page/4/?add-to-cart=33240,2025-06-04
https://tuslibros.cl/libro/bhagavad-gita-un-poema-para-el-alma/?add-to-wishlist=40002,2025-06-04
https://tuslibros.cl/libro/mandalas-para-colorear/?add-to-wishlist=33926,2025-06-04
https://tuslibros.cl/libro/bhagavad-gita-un-poema-para-el-alma/?add-to-wishlist=16794,2025-06-04
https://tuslibros.cl/libro/los-juegos-del-hambre/?add-to-wishlist=41468,2025-06-04
https://tuslibros.cl/libro/administracion/?add-to-wishlist=26574,2025-06-04
https://tuslibros.cl/libro/abel-sanchez-miguel-de-unamuno/?add-to-cart=14988,2025-06-04
https://tuslibros.cl/libro/el-lazarillo-de-tormes-anonimo/?add-to-wishlist=44208,2025-06-04
https://tuslibros.cl/libro/medicina-interna-volumen-i-farreras-rozman/?add-to-wishlist=26365,2025-06-04
https://tuslibros.cl/libro/ruptura-y-continuidad-critica-de-arte-desde-america-latina/?add-to-wishlist=27811,2025-06-04
https://tuslibros.cl/libro/ciudades-de-papel-4/?add-to-wishlist=9550,2025-06-04
https://tuslibros.cl/libro/great-journeys-of-the-world/?add-to-wishlist=292,2025-06-04
https://tuslibros.cl/product-category/literatura/page/5/?add_to_compare=39096,2025-06-04
https://tuslibros.cl/tienda-de-libros/page/15/?add-to-wishlist=44107,2025-06-04
https://tuslibros.cl/libro/romper-con-la-rutina/?add-to-wishlist=421,2025-06-04
https://tuslibros.cl/tienda-de-libros/page/3/?add-to-wishlist=16401,2025-06-04
https://tuslibros.cl/tienda-de-libros/page/4/?orderby=popularity&add-to-wishlist=17488,2025-06-04
https://tuslibros.cl/product-category/economia/finanzas-economia/emprendimiento/?orderby=price-desc,2025-06-04
https://tuslibros.cl/condicion/como-nuevo/page/3/?add-to-cart=33839,2025-06-04
https://tuslibros.cl/tienda-de-libros/page/3/?add-to-wishlist=25476,2025-06-04
https://tuslibros.cl/tienda-de-libros/page/45/?add_to_compare=10744,2025-06-04
https://tuslibros.cl/autor/hernan-briones-toledo/?orderby=rating&add-to-cart=32700,2025-06-04
https://tuslibros.cl/tienda-de-libros/page/83/?add-to-cart=27794,2025-06-04
https://tuslibros.cl/tienda-de-libros/page/9/?add-to-wishlist=45279,2025-06-04
https://tuslibros.cl/tienda-de-libros/page/3/?orderby=rating&add-to-wishlist=44325,2025-06-04
https://tuslibros.cl/libro/los-grupos-sanguineos-y-la-alimentacion/?add-to-cart=26091,2025-06-04
https://tuslibros.cl/autor/hernan-briones-toledo/?add-to-cart=32696,2025-06-04
https://tuslibros.cl/tienda-de-libros/page/3/?add-to-wishlist=41681,2025-06-04
https://tuslibros.cl/product-category/autoayuda-y-espiritualidad/?add_to_compare=16890,2025-06-04
https://tuslibros.cl/libro/medicina-interna-volumen-i-farreras-rozman/?add-to-wishlist=200,2025-06-04
https://tuslibros.cl/libro/pediatria-ambulatoria-un-enfoque-integral/?add-to-wishlist=14868,2025-06-04
https://tuslibros.cl/libro/cuidados-basicos-del-nino-sano-y-del-enfermo/?add-to-wishlist=26373,2025-06-04
https://tuslibros.cl/libro/el-lazarillo-de-tormes-anonimo/?add-to-wishlist=44196,2025-06-04
https://tuslibros.cl/libro/el-lazarillo-de-tormes-anonimo/?add-to-cart=45110,2025-06-04
https://tuslibros.cl/libro/vanish-chica-de-niebla-sophie-jordan/?add-to-cart=9633,2025-06-04
https://tuslibros.cl/libro/cine-humanismo-realidad-3-tomos-textos-reunidos/?add-to-wishlist=33094,2025-06-04
https://tuslibros.cl/libro/romper-con-la-rutina/?add-to-cart=421,2025-06-04
https://tuslibros.cl/libro/romper-con-la-rutina/?add-to-cart=703,2025-06-04
https://tuslibros.cl/libro/maze-runner-correr-o-morir-2/?add-to-wishlist=626,2025-06-04
https://tuslibros.cl/libro/los-grupos-sanguineos-y-la-alimentacion/?add-to-cart=16841,2025-06-04
https://tuslibros.cl/libro/fiesta-en-el-jardin/?add-to-cart=16419,2025-06-04
https://tuslibros.cl/libro/los-grupos-sanguineos-y-la-alimentacion/?add-to-cart=26087,2025-06-04
https://tuslibros.cl/libro/travesuras-de-la-nina-mala/?add-to-wishlist=684,2025-06-04
https://tuslibros.cl/libro/romper-con-la-rutina/?add-to-cart=385,2025-06-04
https://tuslibros.cl/libro/la-sagrada-familia/?add-to-cart=32870,2025-06-04
https://tuslibros.cl/libro/fahrenheit-451/?add-to-wishlist=159,2025-06-04
https://tuslibros.cl/libro/fahrenheit-451/?add-to-wishlist=9699,2025-06-04
https://tuslibros.cl/libro/administracion-de-personal-y-recursos-humanos/?add-to-wishlist=26567,2025-06-04
https://tuslibros.cl/libro/la-marca-de-atenea-rick-riordan/?add-to-wishlist=35195,2025-06-04
https://tuslibros.cl/libro/usted-puede-ser-lo-bueno-que-quiera-ser/?add-to-wishlist=33852,2025-06-04
https://tuslibros.cl/tienda/mibschile/category/autoayuda-y-espiritualidad/?add-to-cart=14517,2025-06-04
https://tuslibros.cl/libro/la-novia-del-dragon-de-beverley/?add-to-wishlist=39729,2025-06-04
https://tuslibros.cl/libro/1984-george-orwell-en-sueco/?add-to-wishlist=34155,2025-06-04
https://tuslibros.cl/libro/still-whit-me/?add-to-wishlist=33930,2025-06-04
https://tuslibros.cl/libro/fahrenheit-451/?add-to-cart=9958,2025-06-04
https://tuslibros.cl/libro/altazor/?add-to-cart=45756,2025-06-04
https://tuslibros.cl/libro/la-sagrada-familia/?add-to-cart=10627,2025-06-04
https://tuslibros.cl/libro/garden-of-beasts/?add-to-cart=17443,2025-06-04
https://tuslibros.cl/libro/batallas-de-alejandro-magno/?add-to-wishlist=703,2025-06-04
https://tuslibros.cl/libro/marketing-de-los-servicios/?add-to-cart=26574,2025-06-04
https://tuslibros.cl/tienda-de-libros/page/3/?add-to-wishlist=17617,2025-06-04
https://tuslibros.cl/tienda-de-libros/page/88/?add-to-wishlist=38526,2025-06-04
https://tuslibros.cl/tienda-de-libros/page/112/?orderby=price&add-to-wishlist=16739,2025-06-04
https://tuslibros.cl/product-category/medicina/page/3/?add-to-cart=17599,2025-06-04
https://tuslibros.cl/tienda-de-libros/page/1/?orderby=price-desc&add_to_compare=10478,2025-06-04
https://tuslibros.cl/tienda-de-libros/page/3/?orderby=rating&add-to-wishlist=17512,2025-06-04
https://tuslibros.cl/product-category/literatura/page/5/?add-to-cart=40530,2025-06-04
https://tuslibros.cl/tienda-de-libros/page/6/?orderby=price&add-to-wishlist=14733,2025-06-04
https://tuslibros.cl/tienda-de-libros/page/105/?add-to-wishlist=41616,2025-06-04
https://tuslibros.cl/product-category/historia-universal/page/2/?add-to-wishlist=39008,2025-06-04
https://tuslibros.cl/tienda-de-libros/page/30/?add-to-wishlist=40219,2025-06-04
https://tuslibros.cl/libro/diario-argentino/?add-to-cart=703,2025-06-04
https://tuslibros.cl/libro/libro-del-desasosiego-fernando-pessoa/?add-to-wishlist=33592,2025-06-04
https://tuslibros.cl/libro/una-llave-y-un-camino/?add-to-cart=14954,2025-06-04
https://tuslibros.cl/libro/box-set-deja-que-ocurra-alice-kellen/?add-to-cart=36794,2025-06-04
https://tuslibros.cl/libro/altazor/?add-to-wishlist=38472,2025-06-04
https://tuslibros.cl/libro/astrologia-para-tiempos-dificiles/?add-to-wishlist=16683,2025-06-04
https://tuslibros.cl/tienda-de-libros/page/5/?orderby=price-desc&add-to-wishlist=33396,2025-06-04
https://tuslibros.cl/libro/manuel-rojas-historia-breve-de-la-literatura-chilena-primera-edicion-editorial-zig-zag-santiago-de-chile-1965/?add-to-cart=45747,2025-06-04
https://tuslibros.cl/libro/ciudad-de-medina-luna-casa-de-cielo-y-aliento/?add-to-wishlist=35195,2025-06-04
https://tuslibros.cl/libro/usted-puede-ser-lo-bueno-que-quiera-ser/?add-to-wishlist=33682,2025-06-04
https://tuslibros.cl/libro/la-historia-de-julian-el-juego-de-christopher-y-charlotte-tienen-la-palabra-r-j-palacio/?add-to-wishlist=14848,2025-06-04
https://tuslibros.cl/libro/completeness-plenitud-calidad-para-el-siglo-xxi-tomo-i/?add-to-wishlist=26567,2025-06-04
https://tuslibros.cl/libro/asylum/?add-to-wishlist=479,2025-06-04
https://tuslibros.cl/libro/una-llave-y-un-camino/?add-to-cart=14862,2025-06-04
https://tuslibros.cl/libro/emilia-y-la-dama-negra-balcells-y-guiraldes/?add-to-cart=703,2025-06-04
https://tuslibros.cl/libro/great-journeys-of-the-world/?add-to-wishlist=9373,2025-06-04
https://tuslibros.cl/libro/los-trasplantados-de-alberto-blest-gana-usado/?add-to-wishlist=32234,2025-06-04
https://tuslibros.cl/libro/la-mansion-libro-2/?add-to-wishlist=14950,2025-06-04
https://tuslibros.cl/libro/las-mujeres-que-aman-demasiado-robin-norwood/?add-to-cart=315,2025-06-04
https://tuslibros.cl/libro/ciudad-de-medina-luna-casa-de-cielo-y-aliento/?add-to-wishlist=45019,2025-06-04
https://tuslibros.cl/libro/los-demonios-del-reich/?add-to-wishlist=33739,2025-06-04
https://tuslibros.cl/libro/los-demonios-del-reich/?add-to-wishlist=32918,2025-06-04
https://tuslibros.cl/libro/los-demonios-del-reich/?add-to-wishlist=33566,2025-06-04
https://tuslibros.cl/libro/los-trasplantados-de-alberto-blest-gana-usado/?add-to-wishlist=35130,2025-06-04
https://tuslibros.cl/libro/los-demonios-del-reich/?add-to-wishlist=33723,2025-06-04
https://tuslibros.cl/libro/the-gatekeepers/?add-to-wishlist=15801,2025-06-04
https://tuslibros.cl/libro/la-historia-de-julian-el-juego-de-christopher-y-charlotte-tienen-la-palabra-r-j-palacio/?add-to-wishlist=14950,2025-06-04
https://tuslibros.cl/libro/la-novia-del-dragon-de-beverley/?add-to-wishlist=38519,2025-06-04
https://tuslibros.cl/libro/altazor/?add-to-wishlist=44940,2025-06-04
https://tuslibros.cl/libro/gog-giovanni-papini/?add-to-cart=463,2025-06-04
https://tuslibros.cl/libro/gog-giovanni-papini/?add-to-cart=456,2025-06-04
https://tuslibros.cl/libro/las-novelas-de-la-dictadura-y-postdictadura-chilena-volumen-i-y-ii-grinor-rojo/?add-to-cart=34023,2025-06-04
https://tuslibros.cl/libro/sobre-cultura-popular-b-subercaseaux/?add-to-cart=9430,2025-06-04
https://tuslibros.cl/estado/usado/?add-to-cart=26635,2025-06-04
https://tuslibros.cl/tienda-de-libros/page/5/?add_to_compare=12677,2025-06-04
https://tuslibros.cl/tienda-de-libros/page/111/?orderby=price-desc&add-to-wishlist=15240,2025-06-04
https://tuslibros.cl/libro/una-llave-y-un-camino/?add-to-cart=14661,2025-06-04
https://tuslibros.cl/estado/usado/page/21/?orderby=price-desc,2025-06-04
https://tuslibros.cl/tienda-de-libros/page/8/?orderby=price&add-to-wishlist=14708,2025-06-04
https://tuslibros.cl/libro/los-aromas-perdidos-2/?add_to_compare=33451,2025-06-04
https://tuslibros.cl/libro/boulevard-2/?add-to-cart=36632,2025-06-04
https://tuslibros.cl/libro/boulevard-2/?add-to-cart=37798,2025-06-04
https://tuslibros.cl/libro/una-obsesion-perversa/?add-to-cart=35145,2025-06-04
https://tuslibros.cl/libro/biblioteca-de-selecciones-del-readers-digest-1959/?add-to-wishlist=33566,2025-06-04
https://tuslibros.cl/libro/romper-con-la-rutina/?add-to-wishlist=14952,2025-06-04
https://tuslibros.cl/libro/violeta-parra-santa-de-pura-greda/?add-to-cart=334,2025-06-04
https://tuslibros.cl/libro/bhagavad-gita-un-poema-para-el-alma/?add-to-wishlist=17537,2025-06-04
https://tuslibros.cl/libro/cultura-tradicional-en-tiempos-de-pandemia/?add-to-wishlist=27807,2025-06-04
https://tuslibros.cl/libro/astrologia-para-tiempos-dificiles/?add-to-wishlist=38415,2025-06-04
https://tuslibros.cl/libro/la-historia-de-julian-el-juego-de-christopher-y-charlotte-tienen-la-palabra-r-j-palacio/?add-to-cart=14848,2025-06-04
https://tuslibros.cl/libro/sigmund-freud-su-vida-en-imagenes-y-textos/?add-to-wishlist=17654,2025-06-04
https://tuslibros.cl/libro/eternidad/?add-to-cart=9620,2025-06-04
https://tuslibros.cl/libro/vida-en-ratford-cinco-amigas-y-un-musical/?add-to-wishlist=34033,2025-06-04
https://tuslibros.cl/libro/ciudad-de-medina-luna-casa-de-cielo-y-aliento/?add-to-wishlist=35205,2025-06-04
https://tuslibros.cl/libro/bajo-la-misma-estrella-2/?add-to-wishlist=13440,2025-06-04
https://tuslibros.cl/libro/la-historia-de-julian-el-juego-de-christopher-y-charlotte-tienen-la-palabra-r-j-palacio/?add-to-wishlist=14956,2025-06-04
https://tuslibros.cl/tienda-de-libros/page/38/?add-to-wishlist=37964,2025-06-04
https://tuslibros.cl/libro/la-historia-de-julian-el-juego-de-christopher-y-charlotte-tienen-la-palabra-r-j-palacio/?add-to-wishlist=14973,2025-06-04
https://tuslibros.cl/autor/hernan-briones-toledo/?orderby=date&add-to-wishlist=32700,2025-06-04
https://tuslibros.cl/libro/manuel-rojas-historia-breve-de-la-literatura-chilena-primera-edicion-editorial-zig-zag-santiago-de-chile-1965/?add-to-wishlist=33843,2025-06-04
https://tuslibros.cl/libro/marketing-estrategico/?add-to-wishlist=16816,2025-06-04
https://tuslibros.cl/libro/cometas-en-el-cielo-khaled-hosseini/?add-to-wishlist=479,2025-06-04
https://tuslibros.cl/tienda-de-libros/page/2/?orderby=rating&add-to-wishlist=26739,2025-06-04
https://tuslibros.cl/libro/la-contadora-de-peliculas-hernan-rivera-letelier/?add-to-cart=9421,2025-06-04
https://www.tuslibros.cl/libro/la-contadora-de-peliculas-hernan-rivera-letelier/?add-to-cart=9421,2025-06-04
https://tuslibros.cl/libro/las-novelas-de-la-dictadura-y-postdictadura-chilena-volumen-i-y-ii-grinor-rojo/?add-to-wishlist=34023,2025-06-04
https://tuslibros.cl/libro/the-servants-of-twilight/?add-to-cart=499,2025-06-04
https://tuslibros.cl/libro/1984-george-orwell-en-sueco/?add-to-cart=33775,2025-06-04
https://tuslibros.cl/estado/usado/page/18/?add-to-cart=10947,2025-06-04
https://tuslibros.cl/libro/gog-giovanni-papini/?add-to-cart=10631,2025-06-04
https://tuslibros.cl/libro/isabel-allende-largo-petalo-de-mar/?add-to-wishlist=35130,2025-06-04
https://tuslibros.cl/libro/bonsai/?add-to-wishlist=16619,2025-06-04
https://tuslibros.cl/libro/isabel-allende-largo-petalo-de-mar/?add-to-wishlist=40002,2025-06-04
https://tuslibros.cl/tienda-de-libros/page/4/?add-to-wishlist=38883,2025-06-04
https://tuslibros.cl/tienda-de-libros/page/49/?add-to-wishlist=15152,2025-06-04
https://tuslibros.cl/libro/la-saludo-por-medio-de-las-plantas-medicinales-2/?add-to-cart=41959,2025-06-04
https://tuslibros.cl/tienda-de-libros/page/4/?orderby=price&add-to-wishlist=25472,2025-06-04
https://tuslibros.cl/libro/administracion/?add-to-cart=26459,2025-06-04
https://tuslibros.cl/libro/1984-george-orwell-en-sueco/?add-to-wishlist=33868,2025-06-04
https://tuslibros.cl/libro/las-novelas-de-la-dictadura-y-postdictadura-chilena-volumen-i-y-ii-grinor-rojo/?add-to-wishlist=16439,2025-06-04
https://tuslibros.cl/libro/box-set-deja-que-ocurra-alice-kellen/?add-to-cart=38407,2025-06-04
https://tuslibros.cl/libro/la-saludo-por-medio-de-las-plantas-medicinales-2/?add-to-cart=34530,2025-06-04
https://tuslibros.cl/libro/las-novelas-de-la-dictadura-y-postdictadura-chilena-volumen-i-y-ii-grinor-rojo/?add-to-wishlist=33426,2025-06-04
https://tuslibros.cl/libro/derecho-civil-en-resumenes-y-esquematizado-obligaciones-anibal-cornejo-manriquez/?add-to-wishlist=33361,2025-06-04
https://tuslibros.cl/product-category/literatura/ensayos/?add-to-cart=301,2025-06-04
https://tuslibros.cl/tienda-de-libros/page/6/?orderby=price-desc&add_to_compare=43344,2025-06-04
https://tuslibros.cl/autor/hernan-briones-toledo/?orderby=date&add_to_compare=32700,2025-06-04
https://tuslibros.cl/libro/marketing-de-los-servicios/?add-to-cart=16816,2025-06-04
https://tuslibros.cl/product-category/literatura/page/10/?add_to_compare=38326,2025-06-04
https://tuslibros.cl/tienda-de-libros/page/2/?orderby=price&add-to-wishlist=25472,2025-06-04
https://tuslibros.cl/libro/los-trasplantados-de-alberto-blest-gana-usado/?add-to-wishlist=32241,2025-06-04
https://tuslibros.cl/libro/recuerdo-de-treinta-anos/?add-to-cart=44869,2025-06-04
https://tuslibros.cl/tienda-de-libros/page/1/?orderby=price-desc&add_to_compare=38932,2025-06-04
https://tuslibros.cl/tienda-de-libros/page/3/?orderby=date&add-to-wishlist=16624,2025-06-04
https://tuslibros.cl/tienda-de-libros/page/4/?orderby=popularity&add-to-wishlist=45037,2025-06-04
https://tuslibros.cl/tienda-de-libros/page/2/?orderby=price&add-to-wishlist=45571,2025-06-04
https://tuslibros.cl/libro/michel-bonnefoy-punto-de-no-retorno/?add-to-wishlist=34023,2025-06-04
https://tuslibros.cl/libro/michel-bonnefoy-punto-de-no-retorno/?add-to-cart=34023,2025-06-04
https://tuslibros.cl/libro/michel-bonnefoy-punto-de-no-retorno/?add-to-cart=45734,2025-06-04
https://tuslibros.cl/libro/michel-bonnefoy-punto-de-no-retorno/?add-to-cart=34027,2025-06-04
https://tuslibros.cl/libro/amartya-sen-die-identitatsfalle/?add-to-cart=45801,2025-06-04
https://tuslibros.cl/libro/michel-bonnefoy-punto-de-no-retorno/?add-to-cart=35130,2025-06-04
https://tuslibros.cl/libro/michel-bonnefoy-punto-de-no-retorno/?add-to-cart=40304,2025-06-04
https://tuslibros.cl/libro/1984-george-orwell-en-sueco/?add-to-wishlist=33768,2025-06-04
https://tuslibros.cl/libro/1984-george-orwell-en-sueco/?add_to_compare=33768,2025-06-04
https://tuslibros.cl/libro/the-servants-of-twilight/?add-to-cart=27794,2025-06-04
https://tuslibros.cl/libro/box-set-deja-que-ocurra-alice-kellen/?add-to-cart=38404,2025-06-04
https://tuslibros.cl/libro/administracion/?add-to-wishlist=26575,2025-06-04
https://tuslibros.cl/autor/hernan-briones-toledo/?add_to_compare=32696,2025-06-04